EmployeeID,EmployeeName,StartDate,EndDate,Department,JobTitle,Salary,EmployeeGender,BirthDate,StreetID,StreetNumber,StreetName,City,State,PostalCode,Country,ManagerID
121044,"Abbott, Ray",10074,,Sales,Sales Rep. I,25660,M,1806,9260116912,2267,Edwards Mill Rd,Miami-Dade,FL,33135,US,121144
120145,"Aisbitt, Sandy",13666,,Sales,Sales Rep. II,26060,M,5135,1600101803,30,Bingera Street,Melbourne,,2001,AU,120103
120761,"Akinfolarin, Tameaka",21366,,Accounts,Accountant I,30960,F,13511,9260121030,5,Donnybrook Rd,Philadelphia,PA,19145,US,120746
120656,"Amos, Salley",18687,,Logistics Management,Logistics Coordinator II,42570,F,8793,9260123736,3524,Calico Ct,San Diego,CA,92116,US,120660
121107,"Anger, Rose",21366,,Sales,Sales Rep. IV,31380,F,13263,9260120989,744,Chapwith Rd,Philadelphia,PA,19142,US,121143
121038,"Anstey, David",21397,21581,Sales,Sales Rep. I,25285,M,13923,9260116991,939,Hilltop Needmore Rd,Miami-Dade,FL,33157,US,121144
120273,"Antonini, Doris",21244,,Concession Management,Concession Assistant III,28455,F,13307,9260116925,681,Ferguson Rd,Miami-Dade,FL,33141,US,120271
120759,"Apr, Nishan",12784,,Accounts,Accountant II,36230,M,5421,9260123711,105,Brack Penny Rd,San Diego,CA,92071,US,120746
120798,"Ardskin, Elizabeth",14245,,IS,Senior Project Manager,80755,F,3461,9260116954,701,Glenridge Dr,Miami-Dade,FL,33177,US,120800
121030,"Areu, Jeryl",19390,,Sales,Sales Rep. I,26745,M,10908,9260116937,265,Fyfe Ct,Miami-Dade,Fl,33133,US,121144
121017,"Arizmendi, Gilbert",20879,,Engineering,Technician II,29225,M,12424,9260123825,379,Englehardt Dr,San Diego,CA,91950,US,121016
121062,"Armant, Debra",21397,,Sales,Sales Rep. IV,30305,F,12719,9260123787,10398,Crown Forest Ct,San Diego,CA,92025,US,121145
121119,"Armogida, Bruce",21519,21608,Sales,Temp. Sales Rep.,25205,M,5420,9260121159,1914,Lansing St,Philadelphia,PA,19119,US,121145
120812,"Arruza, Fauver",19571,,IS,Applications Developer II,45810,M,8815,9260116937,265,Fyfe Ct,Miami-Dade,FL,33133,US,120814
120756,"Asta, Wendy",17714,,Accounts,Financial Controller III,52295,F,8816,9260121146,3565,Lake Park Dr,Philadelphia,PA,19145,US,120751
120754,"Atkins, John",21305,,Accounts,Accountant II,34760,M,14032,9260116816,6137,Blue Water Ct,Miami-Dade,FL,33161,US,120751
120185,"Bahlman, Sharon",21519,21580,Sales,Temp. Sales Rep.,25080,F,8863,1600103028,24,LaTrobe Street,Sydney,,2165,AU,120103
120109,"Baker, Gabriele",21458,,Administration,Warehouse Assistant I,26495,F,13498,1600103074,166,Toorak Road,Sydney,,2119,AU,120104
120710,"Baltzell, Timothy",18263,,Marketing,Business Analyst II,54840,M,9094,9260120981,31,Castalia Dr,Philadelphia,PA,19140,US,120719
121007,"Banaszak, John",14276,,Administration,Security Guard II,27290,M,5398,9260121148,77,Lake Tillery Dr,Philadelphia,PA,19139,US,121004
121011,"Banchi, Steven",9497,,Administration,Service Assistant I,25735,M,-2122,9260116837,522,Buncombe St,Miami-Dade,FL,33031,US,121009
120188,"Baran, Shanmuganathan",21519,21549,Sales,Temp. Sales Rep.,26715,F,1521,1600102985,207,Canterbury Road,Sydney,,1225,AU,120103
120144,"Barbis, Viney",21458,,Sales,Sales Rep. III,30265,M,13215,1600102974,3,Alice Street,Sydney,,2114,AU,120103
120168,"Barcoe, Selina",21489,,Sales,Sales Rep. I,25275,F,12501,1600101850,435,Sherwood Rd,Melbourne,,8003,AU,120102
120182,"Barreto, Geok-Seng",21519,21549,Sales,Temp. Sales Rep.,25020,M,12696,1600103062,241,Royal Perade,Sydney,,1115,AU,120103
121049,"Bataineh, Perrior",21519,,Sales,Sales Rep. I,26930,F,13193,9260123694,892,Birchland Dr,San Diego,CA,92126,US,121143
120998,"Benedicto, Tondelayo",20910,,Administration,Clerk I,26330,F,10932,9260123862,2902,Gable Ridge Ln,San Diego,CA,92118,US,120997
120800,"Benyami, Fred",18049,20119,IS,IS Director,80210,M,9120,9260123837,1498,Falconwood Dr,San Diego,CA,92069,US,120262
120811,"Bergeron-Jeter, Dale",16618,,IS,Applications Developer I,43985,M,7208,9260116773,2356,Aileen Dr,Miami-Dade,FL,33010,US,120814
120733,"Bezinque, Michael",15645,,Purchasing,Purchasing Agent I,31760,M,5206,9260116798,2732,Bell Dr,Miami-Dade,FL,33033,US,120736
120104,"Billington, Kareen",12054,,Administration,Administration Manager,46230,F,1592,1600103066,40,Smith Street,Sydney,,1670,AU,120101
120735,"Bilobran, Brenda",11078,,Purchasing,Purchasing Manager,61985,F,1625,9260116785,11217,Avent Ferry Rd,Miami-Dade,FL,33160,US,120261
121035,"Blackley, James",9497,,Sales,Sales Rep. II,26460,M,-2108,9260123811,41,Dubose St,San Diego,CA,92110,US,121144
120183,"Blanton, Brig",21519,21549,Sales,Temp. Sales Rep.,26910,M,7192,1600101844,6,Palmiston Cresent,Melbourne,,3150,AU,120103
121141,"Bleu, Henri Le",9497,,Sales Management,Vice President,194885,M,-2022,9260121129,29,Joliesse Ln,Philadelphia,PA,19103,US,120261
120993,"Boatright, Lorraine",17957,,Administration,Office Assistant I,26260,F,7291,9260123871,110,Glascock St,San Diego,CA,91950,US,120996
120198,"Body, Meera",21519,,Sales,Sales Rep. III,28025,F,13900,1600103038,51,Martin Place,Sydney,,1131,AU,120103
121006,"Bolster, Bernard",20759,21123,Administration,Security Guard I,26145,M,13434,9260123715,77,Braswell Ct,San Diego,CA,91950,US,121004
121116,"Bond-Teague, Mary",21519,21639,Sales,Temp. Sales Rep.,26670,F,5379,9260123677,24,Bashford Rd,San Diego,CA,92106,US,121145
121137,"Boocks, Michael. R.",21275,,Sales,Sales Rep. I,27055,M,13897,9260117046,1555,Laurdane Rd,Miami-Dade,FL,33183,US,121145
120728,"Borge, Kathryn",12419,,Purchasing,Purchasing Agent II,35070,F,1799,9260116823,360,Bridgepath Dr,Miami-Dade,FL,33150,US,120735
121109,"Boulus, Harold",15461,,Sales,Sales Rep. I,26035,M,7248,9260123772,4320,Colony Woods Dr,San Diego,CA,92054,US,121143
120265,"Branly, Wanda",9497,20088,Group Financials,Auditor III,51950,F,-1915,9260121147,21,Lake Pine Dr,Philadelphia,PA,19135,US,120262
121140,"Briggi, Saunders",19449,21215,Sales,Sales Rep. I,26335,M,10615,9260123917,991,Holman St,San Diego,CA,92021,US,121145
121012,"Broome, Carmelo",20332,20788,Administration,Service Assistant II,29575,M,13174,9260116832,368,Buck Jones Rd,Miami-Dade,FL,33144,US,121009
120724,"Brown, Hampie",16162,,Marketing,Marketing Manager,63705,M,5140,9260123770,1951,Cobble Creek Ln,San Diego,CA,92054,US,120719
121101,"Buckner, Burnetta",21489,,Sales,Sales Rep. I,25390,F,13389,9260123893,3385,Hampton Ridge Rd,San Diego,CA,92114,US,121143
120114,"Buddery, Jeannette",9497,,Administration,Security Manager,31285,F,-2153,1600103023,12,Hunua Road Papakura,Sydney,,1004,AU,120104
120662,"Burroughs, Lemonica",21489,,Logistics Management,Secretary II,27045,M,14055,9260116814,2565,Bledsoe Ave,Miami-Dade,FL,33176,US,120659
120730,"Burt, Woodson",14884,,Purchasing,Purchasing Agent I,30195,M,5463,9260123853,136,Fox Rd,San Diego,CA,92128,US,120735
120713,"Campbell, Carston",9497,,Marketing,Marketing Assistant III,31630,M,-2138,9260123835,19,Fairwinds Dr,San Diego,CA,92069,US,120712
120181,"Cantatore, Lorian",21519,21639,Sales,Temp. Sales Rep.,27065,F,14211,1600102985,207,Canterbury Road,Sydney,,1225,AU,120103
121144,"Capachietti, Renee",16010,,Sales Management,Sales Manager,83505,F,5292,9260116911,379,Edgeside Ct,Miami-Dade,FL,33012,US,121142
120763,"Capps, Ramond",9497,,Accounts Management,Auditor II,45100,M,-1893,9260123777,3384,Cotton Mill Dr,San Diego,CA,92113,US,120766
121050,"Capristo-Abramczyk, Patricia",21519,,Sales,Sales Rep. II,26080,F,13160,9260123928,157,Ithaca Ln,San Diego,CA,91950,US,121143
120688,"Carcaterra, Lisa",9497,19966,Stock & Shipping,Warehouse Assistant I,25905,F,-7,9260123971,91,Langstonshire Ln,San Diego,Ca,92119,US,120679
121059,"Carhide, Jacqulin",12144,20453,Sales,Sales Rep. II,27425,F,3585,9260123889,5637,Greenfield Dr,San Diego,CA,91911,US,121143
121025,"Cassey, Barnaby",10105,,Sales,Sales Rep. II,28295,M,-83,9260116769,1609,Abbey Ln,Miami-Dade,FL,33134,US,121144
121121,"Cassone, Halouise",21519,21700,Sales,Temp. Sales Rep.,25735,F,13213,9260121067,6,Frissell Ave,Philadelphia,PA,19142,US,121145
120187,"Catenacci, Reyne",21519,21700,Sales,Temp. Sales Rep.,26665,F,12762,1600101829,44,Gow Street,Melbourne,,2066,AU,120103
120146,"Cederlund, Wendall",11901,21092,Sales,Sales Rep. I,25985,M,3562,1600103054,1,Pacific Rise Mount Wellington,Sydney,,20000,AU,120103
120149,"Chantharasy, Judy",16437,,Sales,Sales Rep. I,26390,F,9091,1600101820,1,Embarcadero Center Site 1500,Melbourne,,3000,AU,120103
121097,"Chernega, Willeta",17440,,Sales,Sales Rep. II,26830,F,9062,9260121008,17,Cottonwood Ln,Philadelphia,PA,19111,US,121143
121080,"Chinnis, Kumar",14488,,Sales,Sales Rep. I,32235,M,3311,9260116996,60,Hodge Rd,Miami-Dade,FL,33138,US,121143
120791,"Chiseloff, Richard",14153,,IS,Systems Architect IV,61115,M,5320,9260123830,1726,Evans Rd,San Diego,CA,92067,US,120798
121048,"Clark, Lawrie",21428,21609,Sales,Sales Rep. I,26560,F,12593,9260116885,5716,Deacons Bend Ct,Miami-Dade,FL,33184,US,121143
121002,"Clark, Terry-Ann",11657,20697,Administration,Warehouse Assistant II,26650,F,1722,9260123906,57,Hickory Dr,San Diego,CA,92104,US,121001
120127,"Clarkson, Sharryn",18567,,Sales,Sales Rep. II,28100,F,10596,1600102972,21,Albert St,Sydney,,1170,AU,120102
120263,"Cleverley, Bobby",13057,20453,Group Financials,Financial Analyst III,42605,M,5154,9260123710,622,Boylan Ave,San Diego,CA,92054,US,120262
121076,"Cobb, Micah",12784,20605,Sales,Sales Rep. II,26685,M,5395,9260121074,37,Glencoe Dr,Philadelphia,Pa,19138,US,121143
120172,"Comber, Edwin",9497,,Sales,Sales Rep. III,28345,M,-2101,1600102978,121,Blackburn Road,Sydney,,2580,AU,120102
120175,"Conolly, Andrew",21458,,Sales,Sales Rep. I,25745,M,14109,1600103049,79,Old Port Road,Sydney,,2144,AU,120102
120739,"Cooper, Bryon",21305,,Purchasing,Purchasing Agent III,36970,M,13368,9260116770,5857,Academy St,Miami-Dade,FL,33133,US,120737
121100,"Cormell, Tzue-Ing",10318,,Sales,Sales Rep. II,28135,M,-249,9260123700,4104,Blackwolf Run Ln,San Diego,CA,92114,US,121143
121113,"Costine, Karen",21519,21580,Sales,Temp. Sales Rep.,27480,F,1512,9260116837,522,Buncombe St,Miami-Dade,FL,33031,US,121145
121073,"Court, Donald",9497,,Sales,Sales Rep. I,27100,M,-231,9260116842,4498,Calumet Dr,Miami-Dade,FL,33144,US,121145
120741,"Court, Keisha",9497,,Purchasing,Purchasing Agent III,36365,F,-1860,9260121135,88,Kershaw Dr,Philadelphia,PA,19130,US,120737
120264,"Croome, Latonya",21519,,Group Financials,Financial Analyst II,37510,F,12441,9260123737,1722,Calm Winds Ct,San Diego,CA,91941,US,120262
120794,"Cross, Samantha",20270,,IS,Applications Developer IV,51265,F,10592,9260116833,699,Buck Rowland Rd,Miami-Dade,FL,33169,US,120800
120262,"Crown, Max",14854,,Executives,Chief Financial Officer,268455,M,7233,9260120929,1823,Ashley Rd,Philadelphia,PA,19111,US,120259
120679,"Cutucache, Chrisy",19905,,Stock & Shipping,Shipping Manager,46190,F,9807,9260123909,1541,Highland Trl,San Diego,CA,92103,US,120659
120190,"Czernezkyi, Ivor",20759,20939,Sales,Trainee,24100,M,12757,1600103037,21,Market Street,Sydney,,2113,AU,120103
120687,"Dannin, Freda",20667,20850,Stock & Shipping,Warehouse Assistant I,26800,F,10737,9260116935,674,Friar Tuck Rd,Miami-Dade,FL,33193,US,120679
121040,"Darrohn, Brienne",12723,,Sales,Sales Rep. III,29525,F,3474,9260120944,3941,Belford Valley Ln,Philadelphia,PA,19103,US,121144
121055,"Davis, Clement",21397,,Sales,Sales Rep. III,30185,M,13887,9260117037,1305,Kyle Dr,Miami-Dade,FL,33172,US,121143
120103,"Dawes, Wilson",9497,,Sales Management,Sales Manager,87975,M,-344,1600103074,166,Toorak Road,Sydney,,2119,AU,120101
120124,"Daymond, Lucian",11382,,Sales,Sales Rep. I,26480,M,3420,1600103024,1,Julius Avenue,Sydney,,2233,AU,120102
120795,"Deacon, David",14823,20119,IS,Applications Developer II,49105,M,6955,9260116960,1636,Gorman St,Miami-Dade,FL,33012,US,120794
121082,"Debank, Richard",10866,,Sales,Sales Rep. III,28510,M,-180,9260116843,608,Campbell Rd,Miami-Dade,FL,33129,US,121143
120786,"Delafuente, Chris-Anne",9497,,Group HR Management,Trainer I,32650,F,-2115,9260116875,1329,Cross Link Rd,Miami-Dade,FL,33016,US,120785
120789,"Denhollem, Julius",12753,20239,Group HR Management,Trainer III,39330,M,5308,9260116863,147,Clearport Dr,Miami-Dade,FL,33135,US,120785
120126,"Denny, Satyakam",21397,,Sales,Sales Rep. II,26780,M,14142,1600102981,7,Boundary Street,Sydney,,2099,AU,120102
121003,"Der Wiele, Troyce Van",21366,,Administration,Warehouse Assistant I,26000,M,14004,9260120967,1787,Brushy Meadows Dr,Philadelphia,PA,19148,US,121001
121019,"Desanctis, Scott",20606,21031,Sales,Sales Rep. IV,31320,M,13325,9260121087,765,Greenhaven Ln,Philadelphia,PA,19102,us,121144
120680,"Desaulniers, Raymondria",15826,,Stock & Shipping,Shipping Agent I,27295,F,7176,9260120977,2409,Carnegie Ln,Philadelphia,PA,19145,US,120679
121132,"Digiorgio, Shia-Ling",20089,20269,Sales,Trainee,24390,M,1499,9260123870,97,Gentlewoods Dr,San Diego,CA,92040,US,121145
120197,"Dillin, Kerrin",20089,20269,Sales,Trainee,25580,F,1681,1600101821,29,Emily Bullock Cres,Melbourne,,8007,AU,120103
120714,"Dinley, Robert",18506,,Marketing,Marketing Manager,62625,M,9590,9260116931,182,Fort Sumter Rd,Miami-Dade,FL,33160,US,120719
120152,"Dives, Sean",20910,,Sales,Sales Rep. I,26515,M,10713,1600102982,69,Bourke St,Sydney,,1460,AU,120102
120668,"Dolan, Thyland",11292,,Logistics Management,Services Manager,47785,M,-70,9260116922,744,Farmington Grove Dr,Miami-Dade,FL,33141,US,120659
120997,"Donathan, Mary",17776,,Administration,Shipping Administrator I,27420,F,9091,9260121069,4923,Gateridge Dr,Philadelphia,PA,19152,us,121000
120785,"Donnell, Damesha",16588,,Group HR Management,Training Manager,48335,F,6960,9260123725,1947,Bromley Way,San Diego,CA,92024,US,120780
120711,"Drew, Gloria",16861,,Marketing,Business Analyst III,59130,F,7087,9260121132,17,Kempwood Dr,Philadelphia,PA,19119,US,120719
120667,"Droste, Edwin",21216,,Logistics Management,Office Assistant III,29980,M,10764,9260116974,1661,Hanna Ln,Miami-Dade,FL,33014,US,120666
120803,"Droste, Victor",10958,,IS,Applications Developer I,43630,M,1618,9260123737,1722,Calm Winds Ct,San Diego,CA,91941,US,120798
120138,"Duckett, Shani",21366,,Sales,Sales Rep. I,25795,F,10784,1600101841,9,Northgate Drive,Melbourne,,3168,AU,120102
120279,"Dunlap, Kareema",17653,,Concession Management,Concession Consultant I,32925,F,7232,9260123839,181,Falls River Ave,San Diego,CA,92021,US,120271
120808,"Dupree, Marcel",13301,,IS,BI Specialist II,44425,M,5265,9260123656,3231,Amity Hill Ct,San Diego,CA,92064,US,120798
120142,"Eastley, Vincent",21366,,Sales,Sales Rep. III,29695,M,13314,1600101816,4,Dalmore Drive,Melbourne,,3095,AU,120103
120779,"Eggleston, Jennifer",17957,,Group HR Management,HR Analyst II,43690,F,9773,9260116997,140,Hollow Ct,Miami-Dade,FL,33032,US,120780
120774,"El-Amin, Sue",19783,21123,Group HR Management,HR Specialist II,45155,F,10487,9260121123,1030,Indigo Dr,Philadelphia,PA,19122,US,120780
120119,"Elleman, Lal",18263,,Engineering,Electrician IV,30255,M,7294,1600103015,1021,Haupapa Street,Sydney,,1219,AU,120104
121015,"Elmoslamy, Wilson",19237,,Engineering,Technician I,26140,M,10939,9260123927,3118,Iris Dr,San Diego,CA,92105,US,121016
120121,"Elvish, Irenie",9497,,Sales,Sales Rep. II,26600,F,-1978,1600103044,3,Mundi Place,Sydney,,1232,AU,120102
120110,"Entwisle, Dennis",11627,,Administration,Warehouse Assistant III,28615,M,-42,1600103011,9,Grayson Avenue Papatoetoe,Sydney,,1226,AU,120104
120810,"Esguerra, Loyal",11748,,IS,IS Architect III,58375,M,1738,9260116917,2726,Fairfax Woods Dr,Miami-Dade,FL,33162,US,120798
121103,"Farnsworth, Brian",21428,,Sales,Sales Rep. I,27260,M,13997,9260123783,8458,Crispwood Ct,San Diego,Ca,91901,US,121143
121021,"Farren, Priscilla",16861,,Sales,Sales Rep. IV,32985,F,9110,9260123790,1538,Dacian Rd,San Diego,CA,92124,US,121144
120747,"Farthing, Zashia",17379,,Accounts,Financial Controller I,43590,F,8937,9260123756,763,Chatterson Dr,San Diego,CA,92116,us,120746
121143,"Favaron, Louis",18079,,Sales Management,Senior Sales Manager,95090,M,7269,9260117004,163,Horseshoe Bend,Miami-Dade,FL,33176,US,121142
121052,"Fay, Richard",21489,,Sales,Sales Rep. II,26900,M,13157,9260120973,7660,Calvary Dr,Philadelphia,PA,19107,US,121143
120744,"Feigenbaum, Alden",20636,21122,Purchasing,Purchasing Agent II,33490,F,14049,9260123874,43,Glen Bonnie Ln,San Diego,CA,92122,US,120737
120753,"Ferrari, Ralph",17014,,Accounts,Financial Controller II,47000,M,9662,9260116946,309,Gilliam Ln,Miami-Dade,FL,33172,US,120751
121031,"Filan, Scott",13727,,Sales,Sales Rep. III,28060,M,5303,9260121065,375,Foxmoor Ct,Philadelphia,PA,19142,US,121144
120150,"Filo, John",12631,20574,Sales,Sales Rep. III,29965,M,1651,1600101856,5,Sun Pl,Melbourne,,3001,AU,120103
120195,"Fiocca, Jina",21366,21549,Sales,Trainee,24990,F,12777,1600101807,81,Burwood Road,Melbourne,,3155,AU,120103
121102,"Flammia, Rocheal",21336,,Sales,Sales Rep. I,27115,F,10769,9260123922,1201,Hoyle Dr,San Diego,CA,91978,us,121143
120260,"Fletcher, Christine",13454,,Executives,Chief Marketing Officer,207885,F,5449,9260123780,2416,Cove Point Dr,San Diego,CA,91910,US,120259
120272,"Flow, Febin",9497,,Concession Management,Concession Consultant II,34390,M,-2118,9260121137,461,Kimberly Dr,Philadelphia,PA,19121,US,120271
120697,"Fouche, Madelaine",21336,,Stock & Shipping,Warehouse Assistant IV,29625,F,14057,1600101820,1,Embarcadero Center Site 1500,Melbourne,,3000,AU,120691
121023,"Fuller, Shawn",15096,21062,Sales,Sales Rep. I,26010,M,5185,9260123819,1195,Echo Glen Ln,San Diego,CA,92028,US,121144
121136,"Galarneau, Lesia",20058,20727,Sales,Sales Rep. I,27460,F,8962,9260120922,3,Altair Cir,Philadelphia,PA,19131,US,121145
120778,"Gardner, Angela",13180,,Group HR Management,HR Specialist I,43650,F,1803,9260121040,349,Eason Cir,Philadelphia,PA,19104,US,120780
120180,"George, Vino",11292,,Sales,Sales Rep. II,26970,M,1639,1600101796,9,Adelaide Terrace,Melbourne,,3000,AU,120102
120112,"Glattback, Ellis",15522,,Administration,Security Guard I,26550,F,6987,1600101868,7,Vulture Street,Melbourne,,3174,AU,120104
121124,"Gonzalez, Deginald",21519,21549,Sales,Temp. Sales Rep.,26925,M,6985,9260117036,1611,Kronos Ln,Miami-Dade,FL,33054,US,121145
121009,"Goodwin, Robert",18840,,Administration,Service Administrator I,32955,M,10930,9260123860,31,Friendly Dr,San Diego,CA,92116,US,121000
120995,"Gordo, Lily-Ann",21397,,Administration,Office Administrator II,34850,F,12582,9260121130,545,Jones Sausage Rd,Philadelphia,PA,19144,US,120996
120191,"Graham-Rowe, Jannene",20089,20269,Sales,Trainee,24015,F,3304,1600101820,1,Embarcadero Center Site 1500,Melbourne,,3000,AU,120103
120108,"Gromek, Gladys",21397,,Administration,Warehouse Assistant II,27660,F,12472,1600101827,6,George Street,Melbourne,,3000,AU,120104
121047,"Grzebien, Karen",21428,21609,Sales,Sales Rep. I,25820,F,10922,9260123757,627,Chenworth Dr,San Diego,CA,92082,US,121143
120672,"Guscott, Verne",16131,,Stock & Shipping,Shipping Manager,60980,M,5350,1600102990,249,Collins Street,Sydney,,2009,AU,120659
120691,"Habres, Sek",9497,,Stock & Shipping,Shipping Manager,49240,M,-1934,1600103058,11,Reid Street,Sydney,,1005,AU,120659
121129,"Hafley, Yusef",20089,20269,Sales,Trainee,30945,M,5234,9260116796,192,Beaufort St,Miami-Dade,FL,33133,US,121145
121045,"Hampton, Cascile",16802,20513,Sales,Sales Rep. II,28560,F,5277,9260123748,8560,Carlton Ave,San Diego,CA,92027,US,121143
121013,"Hargrave, Seco",19084,,Engineering,Electrician II,26675,M,10710,9260120922,3,Altair Cir,Philadelphia,PA,19131,US,121016
120743,"Harrison, Chimena",18049,,Purchasing,Purchasing Agent II,34620,F,6971,9260123715,77,Braswell Ct,San Diego,CA,91950,US,120737
120816,"Hart, Tessia",16649,,Marketing,Service Administrator I,30485,F,7062,9260116839,2170,Buttercup Ln,Miami-Dade,FL,33055,US,120719
120118,"Hartshorn, Darshi",13331,,Engineering,Cabinet Maker II,28090,M,3441,1600103076,1,Waterloo Street,Sydney,,2065,AU,120104
120745,"Harvill, Barbara",21336,,Purchasing,Purchasing Agent I,31365,F,13335,9260120919,23,Alderman Cir,Philadelphia,PA,19129,US,120737
120194,"Harwood, Reece",20851,21031,Sales,Trainee,25985,M,12684,1600101807,81,Burwood Road,Melbourne,,3155,AU,120103
121061,"Hassam, Lauris",13331,,Sales,Sales Rep. III,29815,M,1658,9260116932,4407,Fountain Dr,Miami-Dade,FL,33178,US,121143
120659,"Havasy, Jay",9497,,Logistics Management,Director,161290,M,-169,9260120924,1930,Apple Meadow Dr,Philadelphia,PA,19145,US,120259
120154,"Hayawardhana, Caterina",9497,,Sales,Sales Rep. III,30490,F,-1991,1600102972,21,Albert St,Sydney,,1170,AU,120102
121098,"Heatwole, Hal",21305,,Sales,Sales Rep. I,27475,M,13960,9260120994,1543,Cherrycrest Ct,Philadelphia,PA,19154,US,121143
120999,"Heilmann, Sherelyn",13240,,Administration,Clerk I,27215,F,3649,9260123969,3750,Langley Cir,San Diego,CA,92025,US,120997
120813,"Heinsler, John",16437,20453,IS,Applications Developer IV,50865,M,7196,9260116828,39,Brush Stream Dr,Miami-Dade,FL,33179,US,120814
121123,"Helyar, Randy",21519,21639,Sales,Temp. Sales Rep.,26410,M,-2075,9260121031,3313,Dothan Ct,Philadelphia,PA,19107,US,121145
120718,"Hennington, Charles",15461,,Marketing,Marketing Assistant II,29190,M,5302,9260121043,40,Elsbeth Ct,Philadelphia,PA,19144,US,120716
121130,"Herndon, Gary",20485,20666,Sales,Trainee,25255,M,12439,9260121156,11,Langdale Pl,Philadelphia,PA,19143,US,121145
120196,"Hieds, Merle",20089,20269,Sales,Trainee,24025,F,12449,1600101856,5,Sun Pl,Melbourne,,3001,AU,120103
120261,"Highpoint, Harry",14457,,Executives,Chief Sales Officer,243190,M,6991,9260116777,18,Antler Ct,Miami-Dade,FL,33135,US,120259
121106,"Hilburger, James",17563,,Sales,Sales Rep. I,25880,M,6972,9260116793,139,Barton Pines Rd,Miami-Dade,FL,33189,US,121143
120669,"Hill, Ronald",9497,,Logistics Management,Services Assistant IV,36370,M,-1988,9260121037,2823,Eagles Landing Dr,Philadelphia,PA,19146,US,120668
120125,"Hofmeister, Fong",11382,20666,Sales,Sales Rep. IV,32040,M,1801,1600102996,17,Druitt Street,Sydney,,2122,AU,120102
121125,"Holt, Michael",20089,20269,Sales,Trainee,25315,M,8873,9260121127,270,Johnson St,Philadelphia,PA,19138,US,121145
121070,"Holthouse, Agnieszka",21216,,Sales,Sales Rep. III,29385,F,12726,9260116982,41,Hawthorne Way,Miami-Dade,FL,33018,US,121145
120815,"Honore, Craig",21275,,Marketing,Service Administrator III,31590,M,14240,9260116824,7766,Brimfield Ct,Miami-Dade,FL,33141,US,120719
121071,"Hoppmann, John",10836,,Sales,Sales Rep. III,28625,M,3540,9260116922,744,Farmington Grove Dr,Miami-Dade,FL,33141,US,121145
120773,"Horne, Entrisse",12144,,Group HR Management,HR Generalist II,27370,F,3340,9260117000,7497,Holly Pointe Dr,Miami-Dade,FL,33133,US,120780
120792,"Horne, Omeba",18110,,IS,Systems Architect II,54760,F,9574,9260121126,4750,Jet Ln,Philadelphia,PA,19119,US,120791
120106,"Hornsey, John",9497,,Administration,Office Assistant II,26960,M,-1835,1600103064,325,Sherwood Road,Sydney,,1100,AU,120104
120113,"Horsey, Riu",9497,,Administration,Security Guard II,26870,F,-2062,1600101859,45,Talavera Road,Melbourne,,3146,AU,120104
120123,"Hotstone, Kimiko",13788,20850,Sales,Sales Rep. I,26190,F,5384,1600103050,54,Overseas Drive,Sydney,,2066,AU,120102
121001,"House, Tony",10836,,Administration,Warehouse Manager,43615,M,3308,9260116817,1,Bona Ct,Miami-Dade,FL,33140,US,121000
120685,"Howard, Anita",21489,,Stock & Shipping,Warehouse Assistant I,25130,F,12478,9260121044,1455,Emerywood Dr,Philadelphia,PA,19124,US,120679
120729,"Howell, Kimberly",20203,21085,Purchasing,Purchasing Agent I,31495,F,13972,9260117044,260,Langstonshire Ln,Miami-Dade,FL,33134,US,120735
121085,"Huslage, Rebecca",21550,,Sales,Sales Rep. IV,32235,M,13465,9260123814,1984,Dunhill Ter,San Diego,CA,92008,US,121143
120137,"Iyengar, Marina",21244,,Sales,Sales Rep. III,29715,F,10663,1600101814,9,Crusin Place,Melbourne,,3086,AU,120102
121026,"Jaime, Terrill",21275,,Sales,Sales Rep. IV,31515,M,13461,9260121098,697,Harcourt Dr,Philadelphia,PA,19136,US,121144
120155,"James, Narelle",21275,,Sales,Sales Rep. III,29990,F,12530,1600101861,30,Thorncraft Parade,Melbourne,,2113,AU,120102
121104,"Johnson, Leoma",13970,19754,Sales,Sales Rep. II,28315,F,5429,9260120956,4002,Brassfield Rd,Philadelphia,PA,19134,US,121143
120797,"Jones, Sherrie",10927,,IS,Applications Developer I,43385,F,1782,9260116902,19,Dutch Creek Dr,Miami-Dade,FL,33186,US,120794
120278,"Jongleux, Binit",21397,,Concession Management,Concession Assistant III,27685,M,13500,9260123699,3053,Blackpine Ct,San Diego,CA,91910,US,120271
120716,"Juif, Kenneth",16649,,Marketing,Events Manager,53015,M,8971,9260121085,881,Green Downs Dr,Philadelphia,PA,19143,US,120719
121091,"Kadiri, Ernest",14976,,Sales,Sales Rep. II,27325,M,6989,9260121067,6,Frissell Ave,Philadelphia,Pa,19142,US,121143
121043,"Kagarise, Sigrid",16131,,Sales,Sales Rep. II,28225,F,7252,9260121031,3313,Dothan Ct,Philadelphia,PA,19107,US,121144
120269,"Kagolanu, Shrimatee",9497,20574,Strategy,Strategist II,52540,F,-1922,9260120925,65,Applecross Cir,Philadelphia,PA,19131,US,120260
120132,"Kaiser, Fancine",11231,,Sales,Sales Rep. III,28525,F,-271,1600103012,33,Great South Road Riccarton,Sydney,,2000,AU,120102
120157,"Karavdic, Leonid",21519,,Sales,Sales Rep. II,27860,M,13200,1600102978,121,Blackburn Road,Sydney,,2580,AU,120102
120783,"Karp, Davis",17532,,Group HR Management,Recruiter III,42975,M,9120,9260121117,458,Huckleberry Dr,Philadelphia,PA,19104,US,120782
120796,"Kellis, Philip",12843,,IS,Applications Developer II,47030,M,1593,9260121043,40,Elsbeth Ct,Philadelphia,PA,19144,US,120794
120766,"Kempster, Janelle",19418,,Accounts Management,Auditing Manager,53400,F,9075,9260116780,8,Ashwood Dr,Miami-Dade,FL,33173,US,120262
120682,"Kennedy, Barbara",17623,,Stock & Shipping,Shipping Agent I,26760,F,7293,9260120930,1635,Auburn Church Rd,Philadelphia,PA,19119,US,120679
120801,"Kennedy, Kathryn",18809,,IS,Applications Developer I,40040,F,8831,9260120975,353,Cameron Woods Dr,Philadelphia,PA,19148,US,120798
120658,"Kennedy, Kenneth",12085,,Logistics Management,Logistics Coordinator II,42485,M,1815,9260123927,3118,Iris Dr,San Diego,CA,92105,US,120660
121088,"Kernitzki, Momolu",21550,,Sales,Sales Rep. I,27240,M,14040,9260120959,422,Brentwood Rd,Philadelphia,PA,19134,US,121143
120992,"Kicak, Lisa",19206,,Administration,Office Assistant I,26940,F,10640,9260116861,1974,Clear Brook Dr,Miami-Dade,FL,33172,US,120996
120736,"Kiemle, Parie",15979,,Purchasing,Purchasing Manager,63985,F,5444,9260116999,26,Holly Park Dr,Miami-Dade,FL,33130,US,120261
120177,"Kierce, Franca",18294,,Sales,Sales Rep. III,28745,F,10687,1600103075,120,Walkers Road,Sydney,,2015,AU,120102
120746,"Kimmerle, Kevie",19814,,Accounts,Account Manager,46090,M,9049,9260121115,162,Horsetrail Way,Philadelphia,PA,19121,US,120262
120170,"Kingston, Alban",16345,21488,Sales,Sales Rep. III,28830,M,8821,1600102984,5,Buffalo Road,Sydney,,1042,AU,120102
121063,"Kinol, Regi",21032,,Sales,Sales Rep. II,35990,M,10800,9260116933,63,Fountainhead Dr,Miami-Dade,FL,33180,US,121145
121034,"Kirkman, John",21550,,Sales,Sales Rep. II,27110,M,14114,9260116898,40,Dry Fork Ln,Miami-Dade,FL,33193,US,121144
120698,"Kistanna, Geoff",10440,20878,Stock & Shipping,Warehouse Assistant I,26160,M,1598,1600103007,28,Fonceca Street,Sydney,,1171,au,120691
120128,"Kletschkus, Monica",21489,,Sales,Sales Rep. IV,30890,F,13344,1600101800,26,Bay Street,Melbourne,,3050,AU,120102
121090,"Klibbe, Betty",11719,,Sales,Sales Rep. I,26600,F,1631,9260123969,3750,Langley Cir,San Diego,CA,92025,US,121143
121110,"Knapp, Albert",21519,21549,Sales,Temp. Sales Rep.,26370,M,-2088,9260116923,4368,Farrington Dr,Miami-Dade,FL,33165,US,121145
120757,"Knopfmacher, Paul",9497,20635,Accounts,Accountant III,38545,M,-2115,9260123735,804,Calebra Way,San Diego,CA,92104,US,120751
121081,"Knudson, Susie",10318,,Sales,Sales Rep. III,30235,F,-279,9260123871,110,Glascock St,San Diego,CA,91950,US,121143
120721,"Knust, Dlutomi",9497,,Marketing,Marketing Assistant II,29870,F,-1898,9260120955,744,Brannigan Pl,Philadelphia,PA,19141,US,120720
120683,"Kochneff, Deven",9497,20147,Stock & Shipping,Shipping Agent III,36315,F,1777,9260121087,765,Greenhaven Ln,Philadelphia,PA,19102,US,120679
121058,"Kohake, Del",19997,,Sales,Sales Rep. I,26270,M,8959,9260123839,181,Falls River Ave,San Diego,CA,92021,US,121143
120765,"Kokoszka, Nikeisha",9497,,Accounts Management,Financial Controller III,51950,F,1812,9260123780,2416,Cove Point Dr,San Diego,Ca,91910,US,120766
120740,"Koonce, Lisa",9497,20331,Purchasing,Purchasing Agent II,35110,F,-74,9260116960,1636,Gorman St,Miami-Dade,FL,33012,US,120737
120663,"Kornblith, Anglar",17957,,Logistics Management,Pricing Manager,56385,F,7024,9260116932,4407,Fountain Dr,Miami-Dade,FL,33178,US,120659
120266,"Krafve, Bao",15066,,Secretary of the Board,Secretary IV,31750,F,7121,9260123722,12,Brigadoon Dr,San Diego,CA,92040,US,120259
121095,"Kratzke, Sara",15887,,Sales,Sales Rep. II,28010,F,7043,9260123796,4137,Deer Haven Dr,San Diego,CA,92101,US,121143
121120,"Labach, Susan",21519,21608,Sales,Temp. Sales Rep.,25020,F,9064,9260121063,1624,Fox Trail Ln,Philadelphia,PA,19146,US,121145
120189,"Lachlan, Mihailo",21519,21639,Sales,Temp. Sales Rep.,25180,M,12602,1600103000,17,Elsie St,Sydney,,2154,AU,120103
121010,"Lamp, Donald",21244,,Administration,Service Assistant I,25195,M,12644,9260116965,509,Green Level To Durham Rd,Miami-Dade,FL,33142,US,121009
120274,"Landry, Angela",16771,,Concession Management,Concession Assistant I,26840,F,5122,9260121115,162,Horsetrail Way,Philadelphia,PA,19121,US,120271
120690,"Langston, Taronda",20789,,Stock & Shipping,Warehouse Assistant I,25185,F,12435,9260120930,1635,Auburn Church Rd,Philadelphia,PA,19119,US,120679
121145,"Lansberry, Dennis",10318,,Sales Management,Sales Manager,84260,M,-40,9260116886,7508,Declaration Dr,Miami-Dade,FL,33012,US,121142
121069,"Lapsley, Jason",15614,,Sales,Sales Rep. II,26195,M,7017,9260123763,2148,Circlebank Dr,San Diego,CA,92064,US,121145
120275,"Lattimer, Brandy",13423,,Concession Management,Concession Consultant II,32195,F,3648,9260123733,56,Cahill Rd,San Diego,CA,92065,US,120271
120671,"Latty, William",12815,,Stock & Shipping,Shipping Agent III,40080,M,1608,9260120959,422,Brentwood Rd,Philadelphia,PA,19134,US,120670
120280,"Laurer, Jaime",14731,19904,Concession Management,Concession Consultant III,36930,F,5428,9260121097,211,Hamstead Crossing Dr,Philadelphia,PA,19124,US,120271
121118,"Lawson, Paul",21519,21700,Sales,Temp. Sales Rep.,25725,M,10652,9260121145,598,Lake Ct,Philadelphia,Pa,19122,US,121145
120665,"Leacock, Jill",19783,,Logistics Management,Senior Logistics Manager,80070,F,9063,9260123932,1288,Joe Leach Rd,San Diego,CA,91945,US,120659
120694,"Leazer, Sharon",21275,,Stock & Shipping,Warehouse Assistant I,27365,F,14107,1600103030,29,Lawson Ave,Sydney,,1220,AU,120691
120762,"Leone, Marvin",21244,,Accounts,Accountant I,30625,M,10898,9260121005,2898,Cookshire Dr,Philadelphia,PA,19121,US,120746
120731,"Lerew, Robert",13027,,Purchasing,Purchasing Agent II,34150,M,3361,9260123660,2254,Appledown Dr,San Diego,CA,92008,US,120735
121108,"Levi, Libby",21489,21670,Sales,Sales Rep. I,25930,F,14064,9260116791,1713,Barham Siding Rd,Miami-Dade,FL,33013,US,121143
120136,"Leyden, Atul",20120,,Sales,Sales Rep. I,26605,M,10851,1600103023,12,Hunua Road Papakura,Sydney,,1004,AU,120102
120141,"Liebman, Amanda",21305,,Sales,Sales Rep. II,27465,F,13950,1600103010,46,George Street,Sydney,,2012,AU,120103
120769,"Lightbourne, Abelino",17623,,Accounts Management,Auditor II,47990,M,8910,9260116816,6137,Blue Water Ct,Miami-Dade,FL,33161,US,120766
121014,"Liguori, Donelle",18840,,Engineering,Electrician III,28510,F,8887,9260116940,6,Gamelyn Walk,Miami-Dade,FL,33183,US,121016
120788,"Lisowe, Smitty",17136,,Group HR Management,Trainer I,33530,M,7103,9260123664,1058,Atchison St,San Diego,CA,92120,US,120785
120101,"Lu, Patrick",20270,,Sales Management,Director,163040,M,9726,1600102980,51,Botany Road,Sydney,,1230,AU,120261
120130,"Lyon, Kevin",21305,,Sales,Sales Rep. I,26955,M,12766,1600103019,2,Hill St,Sydney,,1044,AU,120102
121056,"Lyszyk, Stacey",20209,,Sales,Sales Rep. II,28325,F,12604,9260123927,3118,Iris Dr,San Diego,CA,92105,US,121143
121067,"Macnair, Jeanilla",21244,21428,Sales,Sales Rep. IV,31865,F,13166,9260123814,1984,Dunhill Ter,San Diego,CA,92008,US,121145
121018,"Magolan, Julienne",9497,20208,Sales,Sales Rep. II,27560,F,-2189,9260116837,522,Buncombe St,Miami-Dade,FL,33031,US,121144
120163,"Magrath, Brett",15706,,Sales,Sales Rep. II,26735,M,5255,1600101846,253,Princess Hwy,Melbourne,,3000,AU,120102
121111,"Maholo, Salim",21519,21669,Sales,Temp. Sales Rep.,26885,M,-1994,9260123866,91,Gardner St,San Diego,CA,92057,US,121145
121065,"Malta, Corneille",21275,,Sales,Sales Rep. III,28040,F,12666,9260123836,1793,Falcon Rest Cir,San Diego,CA,92113,US,121145
120793,"Mamo, William",17684,,IS,ETL Specialist I,47155,M,7159,9260116878,183,Dacus Pl,Miami-Dade,FL,33055,US,120791
121046,"Mandzak, Roger",21366,21550,Sales,Sales Rep. I,25845,M,12668,9260121106,443,High Country Dr,Philadelphia,PA,19147,US,121143
121127,"Mangini, Keyna",20971,21153,Sales,Trainee,25435,F,13395,9260123867,9,Garner Rd,San Diego,CA,91910,US,121145
120809,"Marion, Chiorene",9497,,IS,BI Architect II,47155,F,-2178,9260116782,89,Atchison St,Miami-Dade,FL,33129,US,120798
120727,"Marples, Donald",14031,,Marketing,Marketing Assistant IV,34925,M,5289,9260123734,2227,Calais Ct,San Diego,CA,92122,US,120724
120161,"Martines, Rosette",21458,,Sales,Sales Rep. III,30785,F,13945,1600101840,147,North Clark Street,Melbourne,,3156,AU,120102
120117,"Mccleary, Bill",13970,,Engineering,Cabinet Maker III,31670,M,5367,1600101844,6,Palmiston Cresent,Melbourne,,3150,AU,120104
121053,"Mcdade, Tywanna",9528,,Sales,Sales Rep. III,29955,F,-1926,9260123761,87,Christofle Ln,San Diego,CA,92082,US,121143
121029,"Mcelwee, Kuo-Chung",15310,,Sales,Sales Rep. I,27225,M,5469,9260123790,1538,Dacian Rd,San Diego,CA,92124,US,121144
121139,"Mckee, Diosdado",14426,,Sales,Sales Rep. II,27700,F,3518,9260123895,81,Hanska Way,San Diego,CA,92014,US,121145
121008,"Mckenzie, Eron",16649,,Administration,Security Guard II,27875,M,7123,9260121071,131,Gem Dr,Philadelphia,PA,19122,US,121004
121005,"Mclamb, Yuh-Lang",20485,,Administration,Security Guard I,25020,M,12614,9260116949,9891,Glendower Rd,Miami-Dade,FL,33154,US,121004
120751,"Mea, Azavi0us",14823,,Accounts,Finance Manager,58200,M,5208,9260116836,649,Buckboard Ln,Miami-Dade,FL,33014,US,120262
121079,"Mees, Azmi",18202,,Sales,Sales Rep. I,25770,M,8920,9260120942,824,Beaufort St,Philadelphia,PA,19128,US,121143
121036,"Mesley, Teresa",20362,21123,Sales,Sales Rep. I,25965,F,14078,9260121101,967,Hearthside Ct,Philadelphia,PA,19148,US,121144
121074,"Michonski, Eric",14884,,Sales,Sales Rep. I,26990,M,3347,9260123951,1921,Kingston Ridge Rd,San Diego,CA,92129,US,121145
121037,"Miketa, Muthukumar",19783,,Sales,Sales Rep. III,28310,M,8929,9260117011,2185,Ileagnes Rd,Miami-Dade,FL,33176,US,121144
120259,"Miller, Anthony",15219,,Executives,Chief Executive Officer,433800,M,5138,9260116837,522,Buncombe St,Miami-Dade,FL,33031,US,
120760,"Miller, Pamela",16557,,Accounts,Financial Controller III,53475,F,6945,9260123823,108,Elmview Dr,San Diego,CA,92111,US,120746
120140,"Minas, Michael",21458,,Sales,Sales Rep. I,26970,M,14094,1600103041,95,Miller St,Sydney,,2125,AU,120103
120695,"Moffat, Trent",15157,21396,Stock & Shipping,Warehouse Assistant II,28180,M,5307,1600101835,8,Learmonth Road,Melbourne,,3101,au,120691
120171,"Moody, Alena",21428,,Sales,Sales Rep. II,26205,F,12618,1600103057,248,Port Road,Sydney,,2020,AU,120102
120184,"Moore, Ari",21519,21669,Sales,Temp. Sales Rep.,25820,M,-31,1600103062,241,Royal Perade,Sydney,,1115,AU,120103
120712,"Motashaw, Elisabeth",9497,,Marketing,Marketing Manager,63640,F,-203,9260116823,360,Bridgepath Dr,Miami-Dade,FL,33150,US,120719
121099,"Mrvichin, Royall",19114,,Sales,Sales Rep. IV,32725,M,10670,9260120976,31,Cantwell Ct,Philadelphia,PA,19141,US,121143
121051,"Myers, Glorina",11262,,Sales,Sales Rep. I,26025,F,-244,9260123851,335,Fox Ct,San Diego,CA,92029,US,121143
121128,"Nazar, Glacia",20089,20269,Sales,Trainee,25405,F,8943,9260123950,1250,Kingston Ridge Rd,San Diego,CA,92128,US,121145
120715,"Neal, Angelia",20851,,Marketing,Marketing Assistant II,28535,F,10755,9260123661,6278,Aqua Marine Ln,San Diego,CA,92054,US,120714
121096,"Newstead, Robert",17287,,Sales,Sales Rep. I,26335,M,7077,9260117041,683,Lake Hill Dr,Miami-Dade,FL,33176,US,121143
120122,"Ngan, Christina",11139,,Sales,Sales Rep. II,27475,F,1669,1600101847,11,Prospect Hill Road,Melbourne,,3001,AU,120102
120192,"Nichollas, Anthony",20971,21153,Sales,Trainee,26185,M,12546,1600103056,66,Phillip Street,Sydney,,2124,AU,120103
120115,"Nichollas, Hugh",21032,,Administration,Service Assistant I,26500,M,12546,1600103020,30,Hotham Parade,Sydney,,2600,AU,120104
120749,"Niemann, Kevin",17806,,Accounts,Office Assistant II,26545,M,9029,9260123704,651,Bluebird Ct,San Diego,CA,92027,US,120748
121066,"Norman, Ceresh",9497,21123,Sales,Sales Rep. II,27250,F,-1957,9260121149,251,Lake Tillery Dr,Philadelphia,PA,19148,US,121145
121072,"North, Christer",20698,21123,Sales,Sales Rep. I,26105,M,10602,9260121038,2765,Eaglesham Way,Philadelphia,PA,19121,US,121145
120166,"Nowd, Fadi",9497,21427,Sales,Sales Rep. IV,30660,M,-2027,1600103000,17,Elsie St,Sydney,,2154,AU,120102
120270,"Nuss, Grezegorz",9497,,Concession Management,Concession Director,48435,M,1545,9260116986,1916,Hebron Church Rd,Miami-Dade,FL,33186,US,120261
121115,"O'Carroll, Aquilla",21519,21669,Sales,Temp. Sales Rep.,26430,M,3331,9260123738,5194,Calm Winds Ct,San Diego,CA,92071,US,121145
121087,"O'Suilleabhain, Virtina",18687,21274,Sales,Sales Rep. II,28325,F,9107,9260117018,219,Ivydale Dr,Miami-Dade,FL,33178,US,121143
120790,"O'Toole, Tara",17287,,IS,ETL Specialist II,53740,F,9107,9260121137,461,Kimberly Dr,Philadelphia,Pa,19121,US,120791
120726,"Obermeyer, Lutezenia",21428,,Marketing,Marketing Assistant I,27380,F,14061,9260120979,3246,Cartier Dr,Philadelphia,PA,19140,US,120724
120678,"Octetree, Lucretta",11078,20331,Stock & Shipping,Shipping Agent III,40035,F,-354,9260123841,433,Farmington Woods Dr,San Diego,CA,92054,US,120677
120723,"Olsen, Deanna",9497,,Marketing,Corp. Comm. Specialist II,33950,F,-144,9260121109,218,Hillsford Ln,Philadelphia,PA,19146,US,120720
120666,"Onuscheck, John",16040,20574,Logistics Management,Logistics Manager,64555,M,7112,9260123652,215,Alercia Ct,San Diego,CA,92029,US,120659
120173,"Osborn, Hernani",10744,20666,Sales,Sales Rep. I,26715,M,1514,1600101808,8,Cannon Lane Whitby,Melbourne,,3350,AU,120102
121068,"Osuba, Salaheloin",16315,,Sales,Sales Rep. II,27550,M,7275,9260123681,2546,Belford Valley Ln,San Diego,CA,91932,US,121145
121084,"Ould, Tulsidas",15706,,Sales,Sales Rep. I,22710,M,5341,9260123776,1025,Coronado Dr,San Diego,Ca,92028,US,121143
120806,"Ousley, Lorna",16102,,IS,IS Administrator II,47285,F,8821,9260117027,881,Kettlebridge Dr,Miami-Dade,FL,33183,US,120798
120772,"Overdorff, Erich",21397,,Group HR Management,HR Generalist I,27365,M,13977,9260116868,1407,Coorsdale Dr,Miami-Dade,FL,33161,US,120780
120176,"Pa, Koavea",21489,,Sales,Sales Rep. I,26095,M,13462,1600101822,1,Endeavour Road,Melbourne,,3225,AU,120102
121131,"Pantages, William",20089,20269,Sales,Trainee,25445,M,7120,9260123709,198,Botany Bay Dr,San Diego,CA,92021,US,121145
120802,"Parker, U'Vonda",10958,20635,IS,Applications Developer IV,65125,F,-235,9260121139,11,Kinderston Dr,Philadelphia,PA,19104,US,120798
120770,"Pascoe, Julia",14335,20208,Accounts Management,Auditor I,43930,F,5227,9260116858,973,Chris Dr,Miami-Dade,FL,33183,US,120766
120787,"Peachey, Carl",17532,,Group HR Management,Trainer II,34000,M,7173,9260123750,175,Carteret Dr,San Diego,CA,92025,US,120785
120120,"Peiris, Krishna",9497,,Engineering,Electrician II,27645,F,-2067,1600103010,46,George Street,Sydney,,2012,AU,120104
121126,"Penhale, James",20089,20269,Sales,Trainee,26015,M,1760,9260120951,142,Bluffridge Dr,Philadelphia,PA,19141,US,121145
120807,"Peppers, Gerlinde",12419,20697,IS,IS Administrator I,43325,F,3635,9260123858,1209,Fraternity Court Dr,San Diego,CA,92173,US,120798
120696,"Pettolino, Peter",9556,21274,Stock & Shipping,Warehouse Assistant I,26615,M,1687,1600101822,1,Endeavour Road,Melbourne,,3225,AU,120691
120151,"Phaiyakounh, Julianna",9497,,Sales,Sales Rep. II,26520,F,-1867,1600103002,3,Evans St,Sydney,,2011,AU,120103
120159,"Phoumirath, Lynelle",14061,,Sales,Sales Rep. IV,30765,F,5168,1600103074,166,Toorak Road,Sydney,,2119,AU,120102
120158,"Pilgrim, Daniel",14426,21062,Sales,Sales Rep. III,36605,M,5308,1600103048,8,Nicholson Street,Sydney,,4720,AU,120102
120784,"Pinol, Jennifer",20698,,Group HR Management,Recruiter II,35715,F,10706,9260120993,9,Chastain Dr,Philadelphia,PA,19132,US,120782
120135,"Platts, Alexei",18171,20574,Sales,Sales Rep. IV,32490,M,6965,1600103071,39,Station Street,Sydney,,2000,au,120102
120178,"Plested, Billy",9587,,Sales,Sales Rep. II,26165,M,1788,1600103038,51,Martin Place,Sydney,,1131,AU,120102
121086,"Plybon, John-Michael",9497,,Sales,Sales Rep. I,26820,M,-1842,9260116892,890,Dinwiddie Ct,Miami-Dade,FL,33174,US,121143
120276,"Plybon, Nicholas",9497,20239,Concession Management,Concession Assistant II,28090,M,-1842,9260121064,2975,Foxbury Dr,Philadelphia,Pa,19120,US,120271
121064,"Polky, Asishana",15949,,Sales,Sales Rep. I,25110,M,5141,9260123811,41,Dubose St,San Diego,CA,92110,US,121145
120689,"Pongor, Katherine",21366,,Stock & Shipping,Warehouse Assistant III,27780,F,10793,9260121009,4750,Cottonwood Ln,Philadelphia,PA,19148,US,120679
120748,"Post, Nahliah",20148,,Accounts,Building Admin. Manager,48380,F,9682,9260117043,52,Landor Rd,Miami-Dade,FL,33169,US,120262
120105,"Povey, Liz",18748,,Administration,Secretary I,27110,F,9121,1600101825,23,Garden Street,Melbourne,,8004,AU,120101
120165,"Pretorius, Tadashi",21244,,Sales,Sales Rep. I,27050,M,12496,1600103020,30,Hotham Parade,Sydney,,2600,AU,120102
121133,"Pringley, Peter",20089,20269,Sales,Trainee,25405,M,10906,9260120956,4002,Brassfield Rd,Philadelphia,PA,19134,US,121145
121092,"Pritt, Gynell",19936,,Sales,Sales Rep. I,25680,F,8833,9260123941,8112,Kenna Ct,San Diego,CA,92116,US,121143
121054,"Pulliam, Daniel",10532,,Sales,Sales Rep. III,29805,M,1777,9260123704,651,Bluebird Ct,San Diego,CA,92027,US,121143
120186,"Quinby, Merryn",21519,21730,Sales,Temp. Sales Rep.,26795,F,10701,1600102997,54,Dunning Street,Sydney,,2120,AU,120103
120661,"Racine, Cynthia",13149,20269,Logistics Management,Senior Logistics Manager,85495,F,1792,9260123745,63,Cane Creek Dr,San Diego,CA,92131,US,120659
120116,"Ralston, Austen",11719,,Administration,Service Assistant II,29250,M,3451,1600103023,12,Hunua Road Papakura,Sydney,,1004,AU,120104
120768,"Rayburn, Roland",12327,20422,Accounts Management,Accountant II,44955,M,1664,9260120981,31,Castalia Dr,Philadelphia,PA,19140,US,120766
121020,"Ridley, Cherda",19844,,Sales,Sales Rep. IV,31750,F,12472,9260120918,30,Aiken Pkwy,Philadelphia,PA,19142,US,121144
120719,"Ridley, Roya",17563,,Marketing,Senior Marketing Manager,87420,F,6961,9260123695,6121,Birklands Dr,San Diego,CA,92025,US,120260
120267,"Rink, Belanda",20120,,Secretary of the Board,Secretary III,28585,F,13302,9260123891,43,Grist Mill Rd,San Diego,CA,92122,US,120259
121042,"Robbin-Coker, Joseph",18932,,Sales,Sales Rep. III,28845,M,10686,9260123688,2645,Berkshire Downs Dr,San Diego,CA,92008,US,121144
120129,"Roebuck, Alvin",13788,20178,Sales,Sales Rep. III,30070,M,5439,1600101844,6,Palmiston Cresent,Melbourne,,3150,AU,120102
121027,"Rudder, Allan",15310,,Sales,Sales Rep. II,26165,M,5238,9260123806,941,Dixon Dr,San Diego,CA,91911,US,121144
120147,"Rusli, Skev",21458,,Sales,Sales Rep. II,26580,F,13898,1600103069,26,St Kilda Road,Sydney,,2022,AU,120103
121135,"Ruta, Tammy",9709,,Sales,Sales Rep. I,27010,F,1619,9260120927,89,Ashley Brook Ct,Philadelphia,PA,19131,US,121145
120777,"Sacher, Kary",16922,,Group HR Management,HR Specialist I,40955,M,7024,9260123653,2547,Allenby Dr,San Diego,CA,91913,US,120780
121148,"Sadig, Shane",18263,20119,Sales Management,Business Analyst II,52930,M,6940,9260116770,5857,Academy St,Miami-Dade,FL,33133,US,121141
121146,"Sangiorgio, Julieanne",21275,,Sales Management,Secretary III,29320,F,13492,9260121055,6042,Farmstone Dr,Philadelphia,PA,19125,US,121141
120673,"Santomaggio, Pearl",9497,,Stock & Shipping,Shipping Agent II,35935,F,-2014,1600101855,2,Stephen Road,Melbourne,,3181,AU,120672
121089,"Sauder, Gregory",9678,21488,Sales,Sales Rep. II,28095,M,1694,9260117020,974,Joel Ct,Miami-Dade,FL,33030,US,121143
121105,"Savacool, Jessica",20089,,Sales,Sales Rep. III,29545,F,10721,9260116883,618,Darlington Pl,Miami-Dade,FL,33143,US,121143
120734,"Saylor, Svein",21244,,Purchasing,Purchasing Agent III,34270,M,10708,9260121110,3707,Hillside Dr,Philadelphia,PA,19144,US,120736
121122,"Scarbrough, Stancey",21519,21639,Sales,Temp. Sales Rep.,26265,M,13209,9260116954,701,Glenridge Dr,Miami-Dade,FL,33177,US,121145
120162,"Scordia, Randal",21216,,Sales,Sales Rep. I,27215,M,14127,1600101859,45,Talavera Road,Melbourne,,3146,AU,120102
120814,"Scroggin, Victor",11566,,IS,Project Manager,59140,M,3441,9260123664,1058,Atchison St,San Diego,CA,92120,US,120800
120160,"Segrave, Chuck",9770,,Sales,Sales Rep. I,27115,M,1713,1600103065,1,Sleigh Street,Sydney,,1164,AU,120102
120664,"Senchak, Brock",9982,,Logistics Management,Pricing Specialist,47605,M,1509,9260121088,1779,Greymist Ln,Philadelphia,PA,19142,US,120663
120994,"Sergeant, Danelle",17106,,Administration,Office Administrator I,31645,F,8933,9260123959,734,Ladys Slipper Ct,San Diego,CA,92105,us,120996
121117,"Sergi, Teresa",21519,21549,Sales,Temp. Sales Rep.,26640,F,8843,9260120922,3,Altair Cir,Philadelphia,PA,19131,US,121145
120134,"Shannan, Sian",9497,21365,Sales,Sales Rep. II,28015,M,-209,1600103061,5,Rosebery Ave,Sydney,,2010,AU,120102
120107,"Sheedy, Sherie",9528,,Administration,Office Assistant III,30475,F,-345,1600101851,12,Sir William Pickering Drive,Melbourne,,3175,AU,120104
120722,"Sheffield, Ishmar",13788,,Marketing,Corp. Comm. Specialist I,32460,M,3552,9260116991,939,Hilltop Needmore Rd,Miami-Dade,FL,33157,US,120720
120742,"Shewitz, Ronald",9497,,Purchasing,Purchasing Agent I,31020,M,-2157,9260120978,507,Carriage Pine Dr,Philadelphia,PA,19125,US,120737
120277,"Shirts, Wesley",20575,20970,Concession Management,Concession Consultant I,32645,F,14107,9260116873,710,Crawford Rd,Miami-Dade,FL,33015,US,120271
120776,"Silverthorne, Ratna",19449,,Group HR Management,HR Generalist III,32580,M,10856,9260116930,284,Forest Dr,Miami-Dade,FL,33142,US,120780
120174,"Simms, Doungkamol",9497,21122,Sales,Sales Rep. I,26850,F,-2182,1600101828,30,Goodall Ave,Melbourne,,3053,AU,120102
120782,"Sines, Rilma",18779,,Group HR Management,Recruitment Manager,63915,F,9099,9260120951,142,Bluffridge Dr,Philadelphia,PA,19141,US,120262
120781,"Sitnik, Sarah",20789,21184,Group HR Management,Recruiter I,32620,F,13902,9260123872,6846,Glastonbury Rd,San Diego,CA,91941,US,120782
120717,"Sleva, Jon",12266,,Marketing,Marketing Assistant II,30155,M,1469,9260116806,472,Big Bend Ct,Miami-Dade,FL,33155,US,120716
120143,"Sloey, Phu",12692,,Sales,Sales Rep. II,26790,M,3424,1600103054,1,Pacific Rise Mount Wellington,Sydney,,20000,AU,120103
121028,"Smades, William",21489,,Sales,Sales Rep. I,26585,M,13996,9260116940,6,Gamelyn Walk,Miami-Dade,FL,33183,US,121144
121004,"Smith, Kellen",9497,,Administration,Security Manager,30895,M,-1977,9260123920,1466,Horne St,San Diego,CA,92117,US,121000
121032,"Smith, Nasim",21244,,Sales,Sales Rep. IV,31335,M,13934,9260123683,340,Bellevue Rd,San Diego,CA,92027,US,121144
120660,"Smith, Robert",20879,,Logistics Management,Logistics Manager,61125,M,10384,9260117010,4156,Hwy 42,Miami-Dade,FL,33180,US,120659
121077,"Smotherly, Bryce",21458,,Sales,Sales Rep. III,28585,M,12666,9260116838,4396,Burntwood Cir,Miami-Dade,FL,33193,US,121143
121147,"Sneed, Christine",14488,,Sales Management,Secretary II,29145,F,7087,9260116938,151,Gail Ridge Ln,Miami-Dade,FL,33182,US,121142
120156,"Snellings, Gerry",21244,,Sales,Sales Rep. I,26445,F,14123,1600103069,26,St Kilda Road,Sydney,,2022,AU,120102
121033,"Snitzer, Kristie",20606,,Sales,Sales Rep. III,29775,F,13459,9260121026,2157,Denberg Ln,Philadelphia,PA,19140,US,121144
120677,"Sochacki, Suad",16468,,Stock & Shipping,Shipping Manager,65555,F,7184,9260116775,3519,Amersham Ln,Miami-Dade,FL,33160,US,120659
120133,"Soltau, Petrea",21458,,Sales,Sales Rep. II,27440,F,13261,1600101818,105,East St,Melbourne,,8060,AU,120102
120111,"Spillane, Ubaldo",9801,,Administration,Security Guard II,26895,M,-162,1600103064,325,Sherwood Road,Sydney,,1100,AU,120104
120720,"Spingola, John",16162,,Marketing,Corp. Comm. Manager,46580,M,5240,9260121100,1219,Hawkshead Rd,Philadelphia,PA,19139,US,120719
121060,"Spofford, Elizabeth",9497,,Sales,Sales Rep. III,28800,F,-2033,9260116923,4368,Farrington Dr,Miami-Dade,FL,33165,US,121143
120164,"Stamalis, Ranj",12450,,Sales,Sales Rep. II,27450,F,3617,1600101850,435,Sherwood Rd,Melbourne,,8003,AU,120102
120799,"Stefandonovan, Jeffery",18567,,IS,Office Assistant III,29070,M,10674,9260121028,47,Dixie Trl,Philadelphia,PA,19136,US,120800
121142,"Steiber, Reginald",16557,,Sales Management,Director,156065,M,6984,9260121136,15,Kilmorack Dr,Philadelphia,PA,19136,US,121141
121022,"Stevens, Robert",19755,20697,Sales,Sales Rep. IV,32210,M,10893,9260123921,224,Horsham Way,San Diego,CA,91950,US,121144
121112,"Stouchko, Lee",21519,21549,Sales,Temp. Sales Rep.,26855,M,13496,9260116786,101,Avent Ferry Rd,Miami-Dade,FL,33178,US,121145
120193,"Streit, Russell",21063,21243,Sales,Trainee,24515,M,12758,1600101824,176,Exhibition Street,Melbourne,,3170,AU,120103
121075,"Sugg, Kasha",9497,,Sales,Sales Rep. II,28395,F,-1835,9260123796,4137,Deer Haven Dr,San Diego,CA,92101,US,121145
121016,"Sullivan, Lutezenia",20698,,Engineering,Technical Manager,48075,F,9515,9260116789,4758,Barbara Dr,Miami-Dade,FL,33180,US,121000
121000,"Supple, Herman",16771,,Administration,Administration Manager,48600,M,5138,9260117030,4,Kimbrook Dr,Miami-Dade,Fl,33187,US,121141
120131,"Surawski, Marinus",20089,,Sales,Sales Rep. I,26910,M,10860,1600103046,163,Nebo Road,Sydney,,1117,AU,120102
121083,"Sutton, Tingmei",11382,,Sales,Sales Rep. I,27245,F,3357,9260117007,6940,Hunt Farms Ln,Miami-Dade,FL,33147,US,121143
120738,"Swaiti, Huilun",9497,,Purchasing,Purchasing Agent I,30025,F,-179,9260121097,211,Hamstead Crossing Dr,Philadelphia,PA,19124,US,120737
121134,"Tacosa, Paul",20089,20269,Sales,Trainee,25585,M,5296,9260123671,2733,Balfour Downs Cir,San Diego,CA,92109,US,121145
120169,"Tannous, Cos",21305,,Sales,Sales Rep. III,28135,M,12420,1600101857,13,Symonds Street,Melbourne,,3005,AU,120102
121094,"Tate, Larry",11201,,Sales,Sales Rep. I,26555,M,1467,9260123961,2704,Lake Wheeler Rd,San Diego,CA,92082,US,121143
120693,"Tellam, Diaz",11474,,Stock & Shipping,Shipping Agent I,26625,M,3409,1600102970,8,Aboukis Street,Sydney,,1223,AU,120691
120767,"Terricciano, Legette",14335,,Accounts Management,Accountant I,32965,M,5242,9260121032,6348,Draper Rd,Philadelphia,PA,19131,US,120766
120755,"Thoits, Elizabeth",12996,,Accounts,Accountant III,36440,F,5349,9260123885,5,Green Lantern St,San Diego,CA,92128,US,120751
120775,"Thompson, Tanya",17837,,Group HR Management,HR Analyst II,41580,F,6981,9260116965,509,Green Level To Durham Rd,Miami-Dade,FL,33142,US,120780
120167,"Tilley, Kimiko",9528,21274,Sales,Sales Rep. I,25185,F,1585,1600103018,153,High St,Sydney,,2006,AU,120102
120681,"Tolbet, Elery",20545,,Stock & Shipping,Shipping Agent II,30950,M,10816,9260116808,63,Bishops Park Dr,Miami-Dade,FL,33016,US,120679
121138,"Tolley, Hershell",9497,,Sales,Sales Rep. I,27265,M,-307,9260120922,3,Altair Cir,Philadelphia,PA,19131,US,121145
120737,"Toner, Brenner",14915,,Purchasing,Purchasing Manager,63605,F,3374,9260123826,36,Enka Dr,San Diego,CA,92037,US,120261
120692,"Tregonning, Rit",12509,,Stock & Shipping,Shipping Agent II,32485,M,1787,1600102983,26,Brisbane Avenue,Sydney,,2064,AU,120691
120686,"Tucker, Berether",9497,,Stock & Shipping,Warehouse Assistant II,26690,F,-2065,9260123670,1999,Avery St,San Diego,CA,91941,US,120679
120732,"Uenking, Kent",9497,,Purchasing,Purchasing Agent III,35870,M,-140,9260116807,2853,Birchford Ct,Miami-Dade,FL,33142,US,120736
120752,"Van Damme, Jean-Claude",10074,20208,Accounts,Accountant I,30590,M,1508,9260116858,973,Chris Dr,Miami-Dade,FL,33183,US,120751
121093,"Vasconcellos, Carl",16802,20269,Sales,Sales Rep. I,27410,M,5312,9260123738,5194,Calm Winds Ct,San Diego,CA,92071,US,121143
120268,"Villeneuve, Jacques",18018,,Strategy,Senior Strategist,76105,M,9010,9260121139,11,Kinderston Dr,Philadelphia,PA,19104,US,120260
120758,"Voltz, Sal",16345,,Accounts,Accountant II,34040,M,5408,9260116929,34,Flicker Ct,Miami-Dade,FL,33168,US,120751
121057,"Voron, Tachaun",12023,,Sales,Sales Rep. I,25125,M,3647,9260120986,990,Center Pointe Dr,Philadelphia,PA,19143,US,121143
120153,"Waal, Samantha",18263,21215,Sales,Sales Rep. I,27260,F,10719,1600102978,121,Blackburn Road,Sydney,,2580,AU,120102
120996,"Wade, Johannes",19967,,Administration,Office Assistant IV,32745,M,8968,9260123797,139,Deer Hunter Ct,San Diego,CA,91950,US,121000
120780,"Walcott, Kimberly",15979,,Group HR Management,HR Manager,62995,F,7183,9260121101,967,Hearthside Ct,Philadelphia,PA,19148,US,120262
120805,"Walker, Robert",19084,,IS,BI Administrator IV,58530,M,10405,9260121022,153,Dawson Mill Run,Philadelphia,PA,19143,US,120798
121039,"Washington, Donald",11809,,Sales,Sales Rep. II,27460,M,1615,9260116813,1668,Bladen St,Miami-Dade,FL,33055,US,121144
120657,"Weisbarth, Theresa",15645,,Logistics Management,Logistics Coordinator I,36110,F,5120,9260123821,1571,Edenton St,San Diego,CA,92114,US,120660
121078,"Wende, Lionel",11262,,Sales,Sales Rep. I,27485,M,-245,9260117043,52,Landor Rd,Miami-Dade,FL,33169,US,121143
121024,"Westlund, Michael",20575,,Sales,Sales Rep. II,26600,M,12682,9260123709,198,Botany Bay Dr,San Diego,CA,92021,US,121144
121041,"Wetherington, Jaime",9497,,Sales,Sales Rep. II,26120,F,-2157,9260123714,1428,Brandywine Dr,San Diego,CA,92071,US,121144
121114,"Whipkey, Okema",21519,21730,Sales,Temp. Sales Rep.,26515,F,-1884,9260123718,7834,Briar Oaks Ln,San Diego,CA,92104,US,121145
120725,"Whitlock, Robert",20606,20819,Marketing,Marketing Assistant II,29970,M,10889,9260123669,456,Avent Hill,San Diego,CA,92117,US,120724
120179,"Wills, Matsuoka",20454,20697,Sales,Sales Rep. III,28510,M,8840,1600101830,5059,Great Eastern Highway,Melbourne,,8010,AU,120102
120139,"Wilson, Fang",21428,,Sales,Sales Rep. II,26810,F,13379,1600103068,354,St Kilda Rd,Sydney,,2145,AU,120102
120271,"Winge, Kenisha",14123,,Concession Management,Concession Manager,43635,F,5331,9260117015,94,Irelan Dr,Miami-Dade,FL,33144,US,120270
120750,"Woods, Connie",11354,19754,Accounts,Accountant I,32675,F,1619,9260116932,4407,Fountain Dr,Miami-Dade,FL,33178,US,120751
120764,"Worton, Steven",20058,,Accounts Management,Auditor I,40450,M,9122,9260123827,3100,Erinsbrook Dr,San Diego,CA,92026,US,120766
120684,"Woyach, Suzon",21489,,Stock & Shipping,Warehouse Assistant I,26960,F,13479,9260116853,1107,Caswell Ct,Miami-Dade,FL,33141,US,120679
120771,"Xing Moore, Wei",10562,,Accounts Management,Accountant II,36435,F,1677,9260117001,84,Holt Dr,Miami-Dade,FL,33183,US,120766
120102,"Zhou, Tom",15127,,Sales Management,Sales Manager,108255,M,7162,1600101795,1,Adelaide Street MIC Court,Melbourne,,3125,AU,120101
120804,"Zied, Ahmed",9497,,IS,IS Administrator III,55400,M,-2150,9260116786,101,Avent Ferry Rd,Miami-Dade,FL,33178,US,120798
120670,"Zisek, Odudu",9497,20088,Stock & Shipping,Shipping Manager,65420,M,-2107,9260121153,114,Lakerun Ct,Philadelphia,PA,19146,US,120659
120148,"Zubak, Michael",11109,,Sales,Sales Rep. III,28480,M,-110,1600102992,51,Court Crescent Panmure,Sydney,,2041,AU,120103
