Abone_No,Kaçak_Flag,Tarif,TCKN NO,Cinsiyet,Yas,Aile_Risk_Factor,Parch,Sayac_Tip,Toplam_Fatura_Tutari
1,0,3,40765186940,male,22,1,0,A/5 21171,7.25
2,1,1,33096858406,female,38,1,0,PC 17599,71.2833
3,1,3,40781165979,female,26,0,0,STON/O2. 3101282,7.925
4,1,1,42235507245,female,35,1,0,113803,53.1
5,0,3,32411446801,male,35,0,0,373450,8.05
6,0,3,43429933850,male,,0,0,330877,8.4583
7,0,1,25913128447,male,54,0,0,17463,51.8625
8,0,3,42151043156,male,2,3,1,349909,21.075
9,1,3,23021858341,female,27,0,2,347742,11.1333
10,1,2,30370494506,female,14,1,0,237736,30.0708
11,1,3,40239323703,female,4,1,1,PP 9549,16.7
12,1,1,35253130548,female,58,0,0,113783,26.55
13,0,3,44631783301,male,20,0,0,A/5. 2151,8.05
14,0,3,33391313354,male,39,1,5,347082,31.275
15,0,3,34781395139,female,14,0,0,350406,7.8542
16,1,2,31498802466,female,55,0,0,248706,16
17,0,3,23585535570,male,2,4,1,382652,29.125
18,1,2,34411049154,male,,0,0,244373,13
19,0,3,21679170198,female,31,1,0,345763,18
20,1,3,45767190761,female,,0,0,2649,7.225
21,0,2,26537888623,male,35,0,0,239865,26
22,1,2,35799289705,male,34,0,0,248698,13
23,1,3,34710827743,female,15,0,0,330923,8.0292
24,1,1,28993830186,male,28,0,0,113788,35.5
25,0,3,37250894785,female,8,3,1,349909,21.075
26,1,3,40924217368,female,38,1,5,347077,31.3875
27,0,3,38468551804,male,,0,0,2631,7.225
28,0,1,32747852055,male,19,3,2,19950,263
29,1,3,28891048349,female,,0,0,330959,7.8792
30,0,3,30180214002,male,,0,0,349216,7.8958
31,0,1,24301565478,male,40,0,0,PC 17601,27.7208
32,1,1,33605886016,female,,1,0,PC 17569,146.5208
33,1,3,25252079512,female,,0,0,335677,7.75
34,0,2,44699790416,male,66,0,0,C.A. 24579,10.5
35,0,1,31406327535,male,28,1,0,PC 17604,82.1708
36,0,1,41096174208,male,42,1,0,113789,52
37,1,3,21928261161,male,,0,0,2677,7.2292
38,0,3,33249726777,male,21,0,0,A./5. 2152,8.05
39,0,3,33500345409,female,18,2,0,345764,18
40,1,3,22233496190,female,14,1,0,2651,11.2417
41,0,3,41799643622,female,40,1,0,7546,9.475
42,0,2,26500966080,female,27,1,0,11668,21
43,0,3,20415934722,male,,0,0,349253,7.8958
44,1,2,30445050493,female,3,1,2,SC/Paris 2123,41.5792
45,1,3,41550106119,female,19,0,0,330958,7.8792
46,0,3,38670665367,male,,0,0,S.C./A.4. 23567,8.05
47,0,3,44700884876,male,,1,0,370371,15.5
48,1,3,25149778222,female,,0,0,14311,7.75
49,0,3,31947462343,male,,2,0,2662,21.6792
50,0,3,34510834860,female,18,1,0,349237,17.8
51,0,3,25648848382,male,7,4,1,3101295,39.6875
52,0,3,35889427635,male,21,0,0,A/4. 39886,7.8
53,1,1,31333048072,female,49,1,0,PC 17572,76.7292
54,1,2,23934342358,female,29,1,0,2926,26
55,0,1,39324437608,male,65,0,1,113509,61.9792
56,1,1,43378102322,male,,0,0,19947,35.5
57,1,2,34260439604,female,21,0,0,C.A. 31026,10.5
58,0,3,24524727793,male,28.5,0,0,2697,7.2292
59,1,2,22567257878,female,5,1,2,C.A. 34651,27.75
60,0,3,29373242598,male,11,5,2,CA 2144,46.9
61,0,3,21832621808,male,22,0,0,2669,7.2292
62,1,1,21624648802,female,38,0,0,113572,80
63,0,1,38988706500,male,45,1,0,36973,83.475
64,0,3,33760617347,male,4,3,2,347088,27.9
65,0,1,25599099332,male,,0,0,PC 17605,27.7208
66,1,3,37477227392,male,,1,1,2661,15.2458
67,1,2,30505555123,female,29,0,0,C.A. 29395,10.5
68,0,3,23555410295,male,19,0,0,S.P. 3464,8.1583
69,1,3,24473506247,female,17,4,2,3101281,7.925
70,0,3,40120738746,male,26,2,0,315151,8.6625
71,0,2,44942801368,male,32,0,0,C.A. 33111,10.5
72,0,3,38580766954,female,16,5,2,CA 2144,46.9
73,0,2,41626394688,male,21,0,0,S.O.C. 14879,73.5
74,0,3,44320570064,male,26,1,0,2680,14.4542
75,1,3,27699250172,male,32,0,0,1601,56.4958
76,0,3,42740917869,male,25,0,0,348123,7.65
77,0,3,27432172839,male,,0,0,349208,7.8958
78,0,3,26266719130,male,,0,0,374746,8.05
79,1,2,45068364973,male,0.83,0,2,248738,29
80,1,3,45536935644,female,30,0,0,364516,12.475
81,0,3,38782879891,male,22,0,0,345767,9
82,1,3,27632996605,male,29,0,0,345779,9.5
83,1,3,33087776692,female,,0,0,330932,7.7875
84,0,1,21701894907,male,28,0,0,113059,47.1
85,1,2,36238408999,female,17,0,0,SO/C 14885,10.5
86,1,3,34458512665,female,33,3,0,3101278,15.85
87,0,3,39377548094,male,16,1,3,W./C. 6608,34.375
88,0,3,40477032691,male,,0,0,SOTON/OQ 392086,8.05
89,1,1,20730340524,female,23,3,2,19950,263
90,0,3,37837731761,male,24,0,0,343275,8.05
91,0,3,38160263093,male,29,0,0,343276,8.05
92,0,3,39411311973,male,20,0,0,347466,7.8542
93,0,1,40191558060,male,46,1,0,W.E.P. 5734,61.175
94,0,3,35276059719,male,26,1,2,C.A. 2315,20.575
95,0,3,29506994705,male,59,0,0,364500,7.25
96,0,3,39428216995,male,,0,0,374910,8.05
97,0,1,22218589186,male,71,0,0,PC 17754,34.6542
98,1,1,26135952800,male,23,0,1,PC 17759,63.3583
99,1,2,27168617560,female,34,0,1,231919,23
100,0,2,41779835437,male,34,1,0,244367,26
101,0,3,45001799111,female,28,0,0,349245,7.8958
102,0,3,30267249730,male,,0,0,349215,7.8958
103,0,1,44126403496,male,21,0,1,35281,77.2875
104,0,3,37487796567,male,33,0,0,7540,8.6542
105,0,3,35052294611,male,37,2,0,3101276,7.925
106,0,3,22344150028,male,28,0,0,349207,7.8958
107,1,3,35196032819,female,21,0,0,343120,7.65
108,1,3,32837828264,male,,0,0,312991,7.775
109,0,3,31554554118,male,38,0,0,349249,7.8958
110,1,3,41027369842,female,,1,0,371110,24.15
111,0,1,33849056627,male,47,0,0,110465,52
112,0,3,39966684359,female,14.5,1,0,2665,14.4542
113,0,3,41028268993,male,22,0,0,324669,8.05
114,0,3,27572390604,female,20,1,0,4136,9.825
115,0,3,20040448804,female,17,0,0,2627,14.4583
116,0,3,39631428953,male,21,0,0,STON/O 2. 3101294,7.925
117,0,3,23222525302,male,70.5,0,0,370369,7.75
118,0,2,43547965623,male,29,1,0,11668,21
119,0,1,36410952009,male,24,0,1,PC 17558,247.5208
120,0,3,44183238416,female,2,4,2,347082,31.275
121,0,2,23174123155,male,21,2,0,S.O.C. 14879,73.5
122,0,3,30484620923,male,,0,0,A4. 54510,8.05
123,0,2,26658005416,male,32.5,1,0,237736,30.0708
124,1,2,25786839675,female,32.5,0,0,27267,13
125,0,1,41681157912,male,54,0,1,35281,77.2875
126,1,3,39798534293,male,12,1,0,2651,11.2417
127,0,3,44861728911,male,,0,0,370372,7.75
128,1,3,32655487270,male,24,0,0,C 17369,7.1417
129,1,3,42534012397,female,,1,1,2668,22.3583
130,0,3,22711758362,male,45,0,0,347061,6.975
131,0,3,28561132236,male,33,0,0,349241,7.8958
132,0,3,43713504259,male,20,0,0,SOTON/O.Q. 3101307,7.05
133,0,3,20284105953,female,47,1,0,A/5. 3337,14.5
134,1,2,44095652265,female,29,1,0,228414,26
135,0,2,38950784158,male,25,0,0,C.A. 29178,13
136,0,2,26682073057,male,23,0,0,SC/PARIS 2133,15.0458
137,1,1,25771371205,female,19,0,2,11752,26.2833
138,0,1,32132181178,male,37,1,0,113803,53.1
139,0,3,43426415679,male,16,0,0,7534,9.2167
140,0,1,21191615810,male,24,0,0,PC 17593,79.2
141,0,3,20316940224,female,,0,2,2678,15.2458
142,1,3,33540788441,female,22,0,0,347081,7.75
143,1,3,20758930551,female,24,1,0,STON/O2. 3101279,15.85
144,0,3,22742891098,male,19,0,0,365222,6.75
145,0,2,24151338869,male,18,0,0,231945,11.5
146,0,2,39525831127,male,19,1,1,C.A. 33112,36.75
147,1,3,20432751592,male,27,0,0,350043,7.7958
148,0,3,30271944135,female,9,2,2,W./C. 6608,34.375
149,0,2,42386477355,male,36.5,0,2,230080,26
150,0,2,44140622832,male,42,0,0,244310,13
151,0,2,34334799129,male,51,0,0,S.O.P. 1166,12.525
152,1,1,40342277769,female,22,1,0,113776,66.6
153,0,3,30112793519,male,55.5,0,0,A.5. 11206,8.05
154,0,3,25937552832,male,40.5,0,2,A/5. 851,14.5
155,0,3,20073823059,male,,0,0,Fa 265302,7.3125
156,0,1,30383946468,male,51,0,1,PC 17597,61.3792
157,1,3,26260874295,female,16,0,0,35851,7.7333
158,0,3,28896162282,male,30,0,0,SOTON/OQ 392090,8.05
159,0,3,39455925518,male,,0,0,315037,8.6625
160,0,3,41880593920,male,,8,2,CA. 2343,69.55
161,0,3,35897623368,male,44,0,1,371362,16.1
162,1,2,37467430215,female,40,0,0,C.A. 33595,15.75
163,0,3,26608063422,male,26,0,0,347068,7.775
164,0,3,23206994976,male,17,0,0,315093,8.6625
165,0,3,37987281465,male,1,4,1,3101295,39.6875
166,1,3,44305173234,male,9,0,2,363291,20.525
167,1,1,37539202005,female,,0,1,113505,55
168,0,3,25420782930,female,45,1,4,347088,27.9
169,0,1,41271166879,male,,0,0,PC 17318,25.925
170,0,3,20672680566,male,28,0,0,1601,56.4958
171,0,1,34889580706,male,61,0,0,111240,33.5
172,0,3,36709056506,male,4,4,1,382652,29.125
173,1,3,30930920249,female,1,1,1,347742,11.1333
174,0,3,25782341175,male,21,0,0,STON/O 2. 3101280,7.925
175,0,1,31664865196,male,56,0,0,17764,30.6958
176,0,3,32018047637,male,18,1,1,350404,7.8542
177,0,3,33833182450,male,,3,1,4133,25.4667
178,0,1,36262750107,female,50,0,0,PC 17595,28.7125
179,0,2,36940603186,male,30,0,0,250653,13
180,0,3,33083076839,male,36,0,0,LINE,0
181,0,3,38659670462,female,,8,2,CA. 2343,69.55
182,0,2,21726482647,male,,0,0,SC/PARIS 2131,15.05
183,0,3,37275387500,male,9,4,2,347077,31.3875
184,1,2,22822922129,male,1,2,1,230136,39
185,1,3,44608947530,female,4,0,2,315153,22.025
186,0,1,44987492527,male,,0,0,113767,50
187,1,3,23207464241,female,,1,0,370365,15.5
188,1,1,22349902229,male,45,0,0,111428,26.55
189,0,3,42910587589,male,40,1,1,364849,15.5
190,0,3,28445781944,male,36,0,0,349247,7.8958
191,1,2,35896734175,female,32,0,0,234604,13
192,0,2,30891734323,male,19,0,0,28424,13
193,1,3,44445637530,female,19,1,0,350046,7.8542
194,1,2,21435478557,male,3,1,1,230080,26
195,1,1,32002936024,female,44,0,0,PC 17610,27.7208
196,1,1,26180692751,female,58,0,0,PC 17569,146.5208
197,0,3,22746395867,male,,0,0,368703,7.75
198,0,3,37727961455,male,42,0,1,4579,8.4042
199,1,3,33965989417,female,,0,0,370370,7.75
200,0,2,27580075319,female,24,0,0,248747,13
201,0,3,42705188043,male,28,0,0,345770,9.5
202,0,3,44498443068,male,,8,2,CA. 2343,69.55
203,0,3,35869372087,male,34,0,0,3101264,6.4958
204,0,3,43459709228,male,45.5,0,0,2628,7.225
205,1,3,35754335941,male,18,0,0,A/5 3540,8.05
206,0,3,36031654656,female,2,0,1,347054,10.4625
207,0,3,30263414831,male,32,1,0,3101278,15.85
208,1,3,35453433808,male,26,0,0,2699,18.7875
209,1,3,33125748745,female,16,0,0,367231,7.75
210,1,1,28931413576,male,40,0,0,112277,31
211,0,3,26571939835,male,24,0,0,SOTON/O.Q. 3101311,7.05
212,1,2,27035881159,female,35,0,0,F.C.C. 13528,21
213,0,3,36597227612,male,22,0,0,A/5 21174,7.25
214,0,2,34801540733,male,30,0,0,250646,13
215,0,3,41203202692,male,,1,0,367229,7.75
216,1,1,45802693950,female,31,1,0,35273,113.275
217,1,3,40062587339,female,27,0,0,STON/O2. 3101283,7.925
218,0,2,21433999737,male,42,1,0,243847,27
219,1,1,42299665033,female,32,0,0,11813,76.2917
220,0,2,31481101088,male,30,0,0,W/C 14208,10.5
221,1,3,23922739166,male,16,0,0,SOTON/OQ 392089,8.05
222,0,2,37461126033,male,27,0,0,220367,13
223,0,3,43931997819,male,51,0,0,21440,8.05
224,0,3,37932221501,male,,0,0,349234,7.8958
225,1,1,28286972516,male,38,1,0,19943,90
226,0,3,41423091826,male,22,0,0,PP 4348,9.35
227,1,2,37079758477,male,19,0,0,SW/PP 751,10.5
228,0,3,25757960476,male,20.5,0,0,A/5 21173,7.25
229,0,2,31577397845,male,18,0,0,236171,13
230,0,3,41541787901,female,,3,1,4133,25.4667
231,1,1,36873639269,female,35,1,0,36973,83.475
232,0,3,27296726302,male,29,0,0,347067,7.775
233,0,2,34070961557,male,59,0,0,237442,13.5
234,1,3,25073119952,female,5,4,2,347077,31.3875
235,0,2,22976797429,male,24,0,0,C.A. 29566,10.5
236,0,3,44186051236,female,,0,0,W./C. 6609,7.55
237,0,2,20877971523,male,44,1,0,26707,26
238,1,2,37461430500,female,8,0,2,C.A. 31921,26.25
239,0,2,20650098698,male,19,0,0,28665,10.5
240,0,2,23205870907,male,33,0,0,SCO/W 1585,12.275
241,0,3,25650325250,female,,1,0,2665,14.4542
242,1,3,29756912636,female,,1,0,367230,15.5
243,0,2,30976392881,male,29,0,0,W./C. 14263,10.5
244,0,3,43960703723,male,22,0,0,STON/O 2. 3101275,7.125
245,0,3,41251600721,male,30,0,0,2694,7.225
246,0,1,27481222542,male,44,2,0,19928,90
247,0,3,29749584242,female,25,0,0,347071,7.775
248,1,2,22797343903,female,24,0,2,250649,14.5
249,1,1,40726382079,male,37,1,1,11751,52.5542
250,0,2,44623982144,male,54,1,0,244252,26
251,0,3,41490944472,male,,0,0,362316,7.25
252,0,3,45866579705,female,29,1,1,347054,10.4625
253,0,1,32434375950,male,62,0,0,113514,26.55
254,0,3,41010261383,male,30,1,0,A/5. 3336,16.1
255,0,3,37067189308,female,41,0,2,370129,20.2125
256,1,3,31966079557,female,29,0,2,2650,15.2458
257,1,1,25593708330,female,,0,0,PC 17585,79.2
258,1,1,37758987855,female,30,0,0,110152,86.5
259,1,1,42936334612,female,35,0,0,PC 17755,512.3292
260,1,2,29831454608,female,50,0,1,230433,26
261,0,3,45044375500,male,,0,0,384461,7.75
262,1,3,30163693954,male,3,4,2,347077,31.3875
263,0,1,38637910609,male,52,1,1,110413,79.65
264,0,1,33559580322,male,40,0,0,112059,0
265,0,3,42587522662,female,,0,0,382649,7.75
266,0,2,33830474182,male,36,0,0,C.A. 17248,10.5
267,0,3,28982776552,male,16,4,1,3101295,39.6875
268,1,3,36241199561,male,25,1,0,347083,7.775
269,1,1,27419251311,female,58,0,1,PC 17582,153.4625
270,1,1,23599098662,female,35,0,0,PC 17760,135.6333
271,0,1,36296860567,male,,0,0,113798,31
272,1,3,41454315965,male,25,0,0,LINE,0
273,1,2,24399863833,female,41,0,1,250644,19.5
274,0,1,35245316060,male,37,0,1,PC 17596,29.7
275,1,3,25256631695,female,,0,0,370375,7.75
276,1,1,45755008859,female,63,1,0,13502,77.9583
277,0,3,24187672005,female,45,0,0,347073,7.75
278,0,2,29835652032,male,,0,0,239853,0
279,0,3,33074424144,male,7,4,1,382652,29.125
280,1,3,42268728051,female,35,1,1,C.A. 2673,20.25
281,0,3,28191723074,male,65,0,0,336439,7.75
282,0,3,41183882990,male,28,0,0,347464,7.8542
283,0,3,39880901387,male,16,0,0,345778,9.5
284,1,3,29578682871,male,19,0,0,A/5. 10482,8.05
285,0,1,21874567294,male,,0,0,113056,26
286,0,3,21246394176,male,33,0,0,349239,8.6625
287,1,3,34722162279,male,30,0,0,345774,9.5
288,0,3,40884814718,male,22,0,0,349206,7.8958
289,1,2,21017463393,male,42,0,0,237798,13
290,1,3,44196431233,female,22,0,0,370373,7.75
291,1,1,27110193468,female,26,0,0,19877,78.85
292,1,1,41045034690,female,19,1,0,11967,91.0792
293,0,2,43716601944,male,36,0,0,SC/Paris 2163,12.875
294,0,3,33712860079,female,24,0,0,349236,8.85
295,0,3,40336307403,male,24,0,0,349233,7.8958
296,0,1,33908931011,male,,0,0,PC 17612,27.7208
297,0,3,35941915581,male,23.5,0,0,2693,7.2292
298,0,1,40363523861,female,2,1,2,113781,151.55
299,1,1,26237579595,male,,0,0,19988,30.5
300,1,1,29181005255,female,50,0,1,PC 17558,247.5208
301,1,3,25046755981,female,,0,0,9234,7.75
302,1,3,36990718878,male,,2,0,367226,23.25
303,0,3,42456777691,male,19,0,0,LINE,0
304,1,2,45857844228,female,,0,0,226593,12.35
305,0,3,25671730732,male,,0,0,A/5 2466,8.05
306,1,1,33016426645,male,0.92,1,2,113781,151.55
307,1,1,22828971188,female,,0,0,17421,110.8833
308,1,1,26735699419,female,17,1,0,PC 17758,108.9
309,0,2,22684721539,male,30,1,0,P/PP 3381,24
310,1,1,38822893319,female,30,0,0,PC 17485,56.9292
311,1,1,21814649749,female,24,0,0,11767,83.1583
312,1,1,39161526124,female,18,2,2,PC 17608,262.375
313,0,2,24472799102,female,26,1,1,250651,26
314,0,3,43083980236,male,28,0,0,349243,7.8958
315,0,2,24187413777,male,43,1,1,F.C.C. 13529,26.25
316,1,3,39239721074,female,26,0,0,347470,7.8542
317,1,2,25998351619,female,24,1,0,244367,26
318,0,2,42154832083,male,54,0,0,29011,14
319,1,1,38108429295,female,31,0,2,36928,164.8667
320,1,1,20067889361,female,40,1,1,16966,134.5
321,0,3,42419843887,male,22,0,0,A/5 21172,7.25
322,0,3,41855963623,male,27,0,0,349219,7.8958
323,1,2,22883686294,female,30,0,0,234818,12.35
324,1,2,25859383997,female,22,1,1,248738,29
325,0,3,37738682339,male,,8,2,CA. 2343,69.55
326,1,1,23716510716,female,36,0,0,PC 17760,135.6333
327,0,3,26450587287,male,61,0,0,345364,6.2375
328,1,2,23126426397,female,36,0,0,28551,13
329,1,3,27625162103,female,31,1,1,363291,20.525
330,1,1,39989892392,female,16,0,1,111361,57.9792
331,1,3,37414803459,female,,2,0,367226,23.25
332,0,1,23098322859,male,45.5,0,0,113043,28.5
333,0,1,27320899017,male,38,0,1,PC 17582,153.4625
334,0,3,39750030852,male,16,2,0,345764,18
335,1,1,23651274822,female,,1,0,PC 17611,133.65
336,0,3,20125403554,male,,0,0,349225,7.8958
337,0,1,33768191865,male,29,1,0,113776,66.6
338,1,1,30966962197,female,41,0,0,16966,134.5
339,1,3,41082066936,male,45,0,0,7598,8.05
340,0,1,41181843348,male,45,0,0,113784,35.5
341,1,2,39395209959,male,2,1,1,230080,26
342,1,1,21161196774,female,24,3,2,19950,263
343,0,2,38557442119,male,28,0,0,248740,13
344,0,2,29754983002,male,25,0,0,244361,13
345,0,2,27168475175,male,36,0,0,229236,13
346,1,2,35910465149,female,24,0,0,248733,13
347,1,2,25105949831,female,40,0,0,31418,13
348,1,3,31653383178,female,,1,0,386525,16.1
349,1,3,23363797102,male,3,1,1,C.A. 37671,15.9
350,0,3,31196129736,male,42,0,0,315088,8.6625
351,0,3,29874557281,male,23,0,0,7267,9.225
352,0,1,24352582660,male,,0,0,113510,35
353,0,3,22217413493,male,15,1,1,2695,7.2292
354,0,3,36882059653,male,25,1,0,349237,17.8
355,0,3,37568050543,male,,0,0,2647,7.225
356,0,3,24809375414,male,28,0,0,345783,9.5
357,1,1,29336055203,female,22,0,1,113505,55
358,0,2,20493948189,female,38,0,0,237671,13
359,1,3,34635504442,female,,0,0,330931,7.8792
360,1,3,39611157846,female,,0,0,330980,7.8792
361,0,3,26322481377,male,40,1,4,347088,27.9
362,0,2,39585699691,male,29,1,0,SC/PARIS 2167,27.7208
363,0,3,36073398116,female,45,0,1,2691,14.4542
364,0,3,34636606422,male,35,0,0,SOTON/O.Q. 3101310,7.05
365,0,3,32128249349,male,,1,0,370365,15.5
366,0,3,43314848175,male,30,0,0,C 7076,7.25
367,1,1,26550091636,female,60,1,0,110813,75.25
368,1,3,21875520389,female,,0,0,2626,7.2292
369,1,3,31581183218,female,,0,0,14313,7.75
370,1,1,29378851267,female,24,0,0,PC 17477,69.3
371,1,1,24831145483,male,25,1,0,11765,55.4417
372,0,3,30142069472,male,18,1,0,3101267,6.4958
373,0,3,36626509110,male,19,0,0,323951,8.05
374,0,1,29878791701,male,22,0,0,PC 17760,135.6333
375,0,3,44550186125,female,3,3,1,349909,21.075
376,1,1,30049064873,female,,1,0,PC 17604,82.1708
377,1,3,35790811007,female,22,0,0,C 7077,7.25
378,0,1,45882995792,male,27,0,2,113503,211.5
379,0,3,21054162476,male,20,0,0,2648,4.0125
380,0,3,28939584050,male,19,0,0,347069,7.775
381,1,1,28006152786,female,42,0,0,PC 17757,227.525
382,1,3,43423028628,female,1,0,2,2653,15.7417
383,0,3,33239574724,male,32,0,0,STON/O 2. 3101293,7.925
384,1,1,33504711746,female,35,1,0,113789,52
385,0,3,40047518993,male,,0,0,349227,7.8958
386,0,2,44416580086,male,18,0,0,S.O.C. 14879,73.5
387,0,3,44637773731,male,1,5,2,CA 2144,46.9
388,1,2,40148009399,female,36,0,0,27849,13
389,0,3,43882287070,male,,0,0,367655,7.7292
390,1,2,35228672713,female,17,0,0,SC 1748,12
391,1,1,37064254129,male,36,1,2,113760,120
392,1,3,21083169705,male,21,0,0,350034,7.7958
393,0,3,34595539010,male,28,2,0,3101277,7.925
394,1,1,31140924158,female,23,1,0,35273,113.275
395,1,3,41242070850,female,24,0,2,PP 9549,16.7
396,0,3,41818250253,male,22,0,0,350052,7.7958
397,0,3,43447999863,female,31,0,0,350407,7.8542
398,0,2,29456785787,male,46,0,0,28403,26
399,0,2,23905688333,male,23,0,0,244278,10.5
400,1,2,22617644658,female,28,0,0,240929,12.65
401,1,3,22191668617,male,39,0,0,STON/O 2. 3101289,7.925
402,0,3,29724350346,male,26,0,0,341826,8.05
403,0,3,38967446412,female,21,1,0,4137,9.825
404,0,3,43860195794,male,28,1,0,STON/O2. 3101279,15.85
405,0,3,45443418222,female,20,0,0,315096,8.6625
406,0,2,40518606403,male,34,1,0,28664,21
407,0,3,43478575095,male,51,0,0,347064,7.75
408,1,2,36996391713,male,3,1,1,29106,18.75
409,0,3,33862805594,male,21,0,0,312992,7.775
410,0,3,22581519009,female,,3,1,4133,25.4667
411,0,3,28856445045,male,,0,0,349222,7.8958
412,0,3,36868281830,male,,0,0,394140,6.8583
413,1,1,34898410091,female,33,1,0,19928,90
414,0,2,42430608370,male,,0,0,239853,0
415,1,3,36175902396,male,44,0,0,STON/O 2. 3101269,7.925
416,0,3,32023951854,female,,0,0,343095,8.05
417,1,2,39575388607,female,34,1,1,28220,32.5
418,1,2,39648026757,female,18,0,2,250652,13
419,0,2,37682561339,male,30,0,0,28228,13
420,0,3,22507186337,female,10,0,2,345773,24.15
421,0,3,23251347146,male,,0,0,349254,7.8958
422,0,3,23565647808,male,21,0,0,A/5. 13032,7.7333
423,0,3,26998184150,male,29,0,0,315082,7.875
424,0,3,43340551712,female,28,1,1,347080,14.4
425,0,3,39175282373,male,18,1,1,370129,20.2125
426,0,3,24006696319,male,,0,0,A/4. 34244,7.25
427,1,2,40244131247,female,28,1,0,2003,26
428,1,2,25098843887,female,19,0,0,250655,26
429,0,3,27153830804,male,,0,0,364851,7.75
430,1,3,36382766983,male,32,0,0,SOTON/O.Q. 392078,8.05
431,1,1,32665018201,male,28,0,0,110564,26.55
432,1,3,22769275858,female,,1,0,376564,16.1
433,1,2,27490013860,female,42,1,0,SC/AH 3085,26
434,0,3,32861303639,male,17,0,0,STON/O 2. 3101274,7.125
435,0,1,31953366793,male,50,1,0,13507,55.9
436,1,1,39604827379,female,14,1,2,113760,120
437,0,3,25468829705,female,21,2,2,W./C. 6608,34.375
438,1,2,20164257836,female,24,2,3,29106,18.75
439,0,1,37295587722,male,64,1,4,19950,263
440,0,2,22288769022,male,31,0,0,C.A. 18723,10.5
441,1,2,26181047388,female,45,1,1,F.C.C. 13529,26.25
442,0,3,24875245216,male,20,0,0,345769,9.5
443,0,3,42698390624,male,25,1,0,347076,7.775
444,1,2,43474269002,female,28,0,0,230434,13
445,1,3,24250317563,male,,0,0,65306,8.1125
446,1,1,38987139410,male,4,0,2,33638,81.8583
447,1,2,21473084172,female,13,0,1,250644,19.5
448,1,1,45421538248,male,34,0,0,113794,26.55
449,1,3,35908427225,female,5,2,1,2666,19.2583
450,1,1,34662941099,male,52,0,0,113786,30.5
451,0,2,37939244729,male,36,1,2,C.A. 34651,27.75
452,0,3,34190812127,male,,1,0,65303,19.9667
453,0,1,45684742919,male,30,0,0,113051,27.75
454,1,1,22570511957,male,49,1,0,17453,89.1042
455,0,3,39513271526,male,,0,0,A/5 2817,8.05
456,1,3,36583108002,male,29,0,0,349240,7.8958
457,0,1,37552529343,male,65,0,0,13509,26.55
458,1,1,25450979949,female,,1,0,17464,51.8625
459,1,2,28249491376,female,50,0,0,F.C.C. 13531,10.5
460,0,3,40634764738,male,,0,0,371060,7.75
461,1,1,25416620678,male,48,0,0,19952,26.55
462,0,3,42183794520,male,34,0,0,364506,8.05
463,0,1,20595947495,male,47,0,0,111320,38.5
464,0,2,25967570955,male,48,0,0,234360,13
465,0,3,40396551393,male,,0,0,A/S 2816,8.05
466,0,3,27310268020,male,38,0,0,SOTON/O.Q. 3101306,7.05
467,0,2,23670276416,male,,0,0,239853,0
468,0,1,32293558022,male,56,0,0,113792,26.55
469,0,3,37224085345,male,,0,0,36209,7.725
470,1,3,33114337291,female,0.75,2,1,2666,19.2583
471,0,3,27065850971,male,,0,0,323592,7.25
472,0,3,33428169947,male,38,0,0,315089,8.6625
473,1,2,25219784611,female,33,1,2,C.A. 34651,27.75
474,1,2,31412924157,female,23,0,0,SC/AH Basle 541,13.7917
475,0,3,42238835523,female,22,0,0,7553,9.8375
476,0,1,32665503562,male,,0,0,110465,52
477,0,2,37521968608,male,34,1,0,31027,21
478,0,3,39292445975,male,29,1,0,3460,7.0458
479,0,3,34422099063,male,22,0,0,350060,7.5208
480,1,3,21134872021,female,2,0,1,3101298,12.2875
481,0,3,42838208229,male,9,5,2,CA 2144,46.9
482,0,2,20889705749,male,,0,0,239854,0
483,0,3,22415159311,male,50,0,0,A/5 3594,8.05
484,1,3,27785860578,female,63,0,0,4134,9.5875
485,1,1,27051683803,male,25,1,0,11967,91.0792
486,0,3,45733831975,female,,3,1,4133,25.4667
487,1,1,21264918426,female,35,1,0,19943,90
488,0,1,23541577533,male,58,0,0,11771,29.7
489,0,3,35275501489,male,30,0,0,A.5. 18509,8.05
490,1,3,40565215841,male,9,1,1,C.A. 37671,15.9
491,0,3,40851042337,male,,1,0,65304,19.9667
492,0,3,27211158387,male,21,0,0,SOTON/OQ 3101317,7.25
493,0,1,35265370219,male,55,0,0,113787,30.5
494,0,1,20024397281,male,71,0,0,PC 17609,49.5042
495,0,3,31499674165,male,21,0,0,A/4 45380,8.05
496,0,3,31623609742,male,,0,0,2627,14.4583
497,1,1,43408052043,female,54,1,0,36947,78.2667
498,0,3,38255204941,male,,0,0,C.A. 6212,15.1
499,0,1,42641117500,female,25,1,2,113781,151.55
500,0,3,43026502283,male,24,0,0,350035,7.7958
501,0,3,32703512528,male,17,0,0,315086,8.6625
502,0,3,26443990680,female,21,0,0,364846,7.75
503,0,3,35063430301,female,,0,0,330909,7.6292
504,0,3,30866902240,female,37,0,0,4135,9.5875
505,1,1,40441507042,female,16,0,0,110152,86.5
506,0,1,42660136639,male,18,1,0,PC 17758,108.9
507,1,2,40339346113,female,33,0,2,26360,26
508,1,1,34623443657,male,,0,0,111427,26.55
509,0,3,40201847904,male,28,0,0,C 4001,22.525
510,1,3,34822694593,male,26,0,0,1601,56.4958
511,1,3,26319702333,male,29,0,0,382651,7.75
512,0,3,29898623133,male,,0,0,SOTON/OQ 3101316,8.05
513,1,1,25011920105,male,36,0,0,PC 17473,26.2875
514,1,1,31522449031,female,54,1,0,PC 17603,59.4
515,0,3,34736910354,male,24,0,0,349209,7.4958
516,0,1,33525739693,male,47,0,0,36967,34.0208
517,1,2,35890506665,female,34,0,0,C.A. 34260,10.5
518,0,3,34157566024,male,,0,0,371110,24.15
519,1,2,32635220716,female,36,1,0,226875,26
520,0,3,22080379348,male,32,0,0,349242,7.8958
521,1,1,45688517329,female,30,0,0,12749,93.5
522,0,3,25921608282,male,22,0,0,349252,7.8958
523,0,3,26664328762,male,,0,0,2624,7.225
524,1,1,45511694654,female,44,0,1,111361,57.9792
525,0,3,30672485435,male,,0,0,2700,7.2292
526,0,3,22558910022,male,40.5,0,0,367232,7.75
527,1,2,45038298512,female,50,0,0,W./C. 14258,10.5
528,0,1,40295758240,male,,0,0,PC 17483,221.7792
529,0,3,43376127411,male,39,0,0,3101296,7.925
530,0,2,38442366742,male,23,2,1,29104,11.5
531,1,2,45675749777,female,2,1,1,26360,26
532,0,3,25932926882,male,,0,0,2641,7.2292
533,0,3,43963683252,male,17,1,1,2690,7.2292
534,1,3,30976366453,female,,0,2,2668,22.3583
535,0,3,42856880023,female,30,0,0,315084,8.6625
536,1,2,28289139425,female,7,0,2,F.C.C. 13529,26.25
537,0,1,35472874900,male,45,0,0,113050,26.55
538,1,1,37303477254,female,30,0,0,PC 17761,106.425
539,0,3,36208076390,male,,0,0,364498,14.5
540,1,1,34886280643,female,22,0,2,13568,49.5
541,1,1,40220315341,female,36,0,2,WE/P 5735,71
542,0,3,40642420268,female,9,4,2,347082,31.275
543,0,3,27665069008,female,11,4,2,347082,31.275
544,1,2,29547146955,male,32,1,0,2908,26
545,0,1,44268591074,male,50,1,0,PC 17761,106.425
546,0,1,29987418673,male,64,0,0,693,26
547,1,2,33692266072,female,19,1,0,2908,26
548,1,2,34621249356,male,,0,0,SC/PARIS 2146,13.8625
549,0,3,40835350536,male,33,1,1,363291,20.525
550,1,2,36408002228,male,8,1,1,C.A. 33112,36.75
551,1,1,39895004891,male,17,0,2,17421,110.8833
552,0,2,25702765604,male,27,0,0,244358,26
553,0,3,27543803611,male,,0,0,330979,7.8292
554,1,3,30182779509,male,22,0,0,2620,7.225
555,1,3,27103492043,female,22,0,0,347085,7.775
556,0,1,39714012496,male,62,0,0,113807,26.55
557,1,1,37007357385,female,48,1,0,11755,39.6
558,0,1,30448357860,male,,0,0,PC 17757,227.525
559,1,1,27997905597,female,39,1,1,110413,79.65
560,1,3,21646134228,female,36,1,0,345572,17.4
561,0,3,25661302534,male,,0,0,372622,7.75
562,0,3,35325959028,male,40,0,0,349251,7.8958
563,0,2,34723945842,male,28,0,0,218629,13.5
564,0,3,41912246811,male,,0,0,SOTON/OQ 392082,8.05
565,0,3,25397429324,female,,0,0,SOTON/O.Q. 392087,8.05
566,0,3,26395655421,male,24,2,0,A/4 48871,24.15
567,0,3,26913609114,male,19,0,0,349205,7.8958
568,0,3,28948485999,female,29,0,4,349909,21.075
569,0,3,44285859026,male,,0,0,2686,7.2292
570,1,3,31516315406,male,32,0,0,350417,7.8542
571,1,2,38380203122,male,62,0,0,S.W./PP 752,10.5
572,1,1,45877717231,female,53,2,0,11769,51.4792
573,1,1,23403947359,male,36,0,0,PC 17474,26.3875
574,1,3,44663716413,female,,0,0,14312,7.75
575,0,3,37967214956,male,16,0,0,A/4. 20589,8.05
576,0,3,33937767798,male,19,0,0,358585,14.5
577,1,2,29944621357,female,34,0,0,243880,13
578,1,1,38606464368,female,39,1,0,13507,55.9
579,0,3,28965588812,female,,1,0,2689,14.4583
580,1,3,35468562628,male,32,0,0,STON/O 2. 3101286,7.925
581,1,2,34280923516,female,25,1,1,237789,30
582,1,1,34344242146,female,39,1,1,17421,110.8833
583,0,2,24373377356,male,54,0,0,28403,26
584,0,1,42581261869,male,36,0,0,13049,40.125
585,0,3,36432703964,male,,0,0,3411,8.7125
586,1,1,33430465158,female,18,0,2,110413,79.65
587,0,2,32239294008,male,47,0,0,237565,15
588,1,1,40893019490,male,60,1,1,13567,79.2
589,0,3,45522620197,male,22,0,0,14973,8.05
590,0,3,45080877321,male,,0,0,A./5. 3235,8.05
591,0,3,20504198635,male,35,0,0,STON/O 2. 3101273,7.125
592,1,1,25965257868,female,52,1,0,36947,78.2667
593,0,3,36684611463,male,47,0,0,A/5 3902,7.25
594,0,3,41167117028,female,,0,2,364848,7.75
595,0,2,22726987649,male,37,1,0,SC/AH 29037,26
596,0,3,28657766431,male,36,1,1,345773,24.15
597,1,2,32966281251,female,,0,0,248727,33
598,0,3,37193191492,male,49,0,0,LINE,0
599,0,3,26373627810,male,,0,0,2664,7.225
600,1,1,20028838715,male,49,1,0,PC 17485,56.9292
601,1,2,33172432521,female,24,2,1,243847,27
602,0,3,30014963203,male,,0,0,349214,7.8958
603,0,1,21935144094,male,,0,0,113796,42.4
604,0,3,22778474183,male,44,0,0,364511,8.05
605,1,1,33314296265,male,35,0,0,111426,26.55
606,0,3,36283515590,male,36,1,0,349910,15.55
607,0,3,34150605106,male,30,0,0,349246,7.8958
608,1,1,37216458297,male,27,0,0,113804,30.5
609,1,2,30356802660,female,22,1,2,SC/Paris 2123,41.5792
610,1,1,33523969530,female,40,0,0,PC 17582,153.4625
611,0,3,33687100777,female,39,1,5,347082,31.275
612,0,3,42103396142,male,,0,0,SOTON/O.Q. 3101305,7.05
613,1,3,38795592511,female,,1,0,367230,15.5
614,0,3,40873559419,male,,0,0,370377,7.75
615,0,3,32182263336,male,35,0,0,364512,8.05
616,1,2,40428992473,female,24,1,2,220845,65
617,0,3,31320940385,male,34,1,1,347080,14.4
618,0,3,32172604773,female,26,1,0,A/5. 3336,16.1
619,1,2,44841851547,female,4,2,1,230136,39
620,0,2,38104135771,male,26,0,0,31028,10.5
621,0,3,33689577529,male,27,1,0,2659,14.4542
622,1,1,31846003278,male,42,1,0,11753,52.5542
623,1,3,39415709064,male,20,1,1,2653,15.7417
624,0,3,30042784783,male,21,0,0,350029,7.8542
625,0,3,21223322347,male,21,0,0,54636,16.1
626,0,1,22898932811,male,61,0,0,36963,32.3208
627,0,2,20721190189,male,57,0,0,219533,12.35
628,1,1,37314476628,female,21,0,0,13502,77.9583
629,0,3,28228186642,male,26,0,0,349224,7.8958
630,0,3,21498573923,male,,0,0,334912,7.7333
631,1,1,43455079999,male,80,0,0,27042,30
632,0,3,42863288364,male,51,0,0,347743,7.0542
633,1,1,36443746721,male,32,0,0,13214,30.5
634,0,1,38207315818,male,,0,0,112052,0
635,0,3,41480879871,female,9,3,2,347088,27.9
636,1,2,44343111792,female,28,0,0,237668,13
637,0,3,22736270063,male,32,0,0,STON/O 2. 3101292,7.925
638,0,2,27638382505,male,31,1,1,C.A. 31921,26.25
639,0,3,34545591008,female,41,0,5,3101295,39.6875
640,0,3,36137386078,male,,1,0,376564,16.1
641,0,3,37658298238,male,20,0,0,350050,7.8542
642,1,1,44056219856,female,24,0,0,PC 17477,69.3
643,0,3,39643298952,female,2,3,2,347088,27.9
644,1,3,40370458909,male,,0,0,1601,56.4958
645,1,3,45478740652,female,0.75,2,1,2666,19.2583
646,1,1,23744478032,male,48,1,0,PC 17572,76.7292
647,0,3,23238568427,male,19,0,0,349231,7.8958
648,1,1,43584928836,male,56,0,0,13213,35.5
649,0,3,21188734778,male,,0,0,S.O./P.P. 751,7.55
650,1,3,34124008410,female,23,0,0,CA. 2314,7.55
651,0,3,40873184624,male,,0,0,349221,7.8958
652,1,2,44334303267,female,18,0,1,231919,23
653,0,3,24974129900,male,21,0,0,8475,8.4333
654,1,3,34376257057,female,,0,0,330919,7.8292
655,0,3,45368311622,female,18,0,0,365226,6.75
656,0,2,21406723822,male,24,2,0,S.O.C. 14879,73.5
657,0,3,28891417010,male,,0,0,349223,7.8958
658,0,3,26251189909,female,32,1,1,364849,15.5
659,0,2,25738925301,male,23,0,0,29751,13
660,0,1,39196757681,male,58,0,2,35273,113.275
661,1,1,44252692977,male,50,2,0,PC 17611,133.65
662,0,3,42050081776,male,40,0,0,2623,7.225
663,0,1,40208276430,male,47,0,0,5727,25.5875
664,0,3,40003117830,male,36,0,0,349210,7.4958
665,1,3,45249833439,male,20,1,0,STON/O 2. 3101285,7.925
666,0,2,28846593669,male,32,2,0,S.O.C. 14879,73.5
667,0,2,29665986771,male,25,0,0,234686,13
668,0,3,41073629685,male,,0,0,312993,7.775
669,0,3,24495341492,male,43,0,0,A/5 3536,8.05
670,1,1,44987409422,female,,1,0,19996,52
671,1,2,30652378766,female,40,1,1,29750,39
672,0,1,41754392715,male,31,1,0,F.C. 12750,52
673,0,2,25432045761,male,70,0,0,C.A. 24580,10.5
674,1,2,25653355592,male,31,0,0,244270,13
675,0,2,26814653934,male,,0,0,239856,0
676,0,3,36192420002,male,18,0,0,349912,7.775
677,0,3,31422179163,male,24.5,0,0,342826,8.05
678,1,3,26023086744,female,18,0,0,4138,9.8417
679,0,3,26425215541,female,43,1,6,CA 2144,46.9
680,1,1,37974439458,male,36,0,1,PC 17755,512.3292
681,0,3,25250288944,female,,0,0,330935,8.1375
682,1,1,44598635466,male,27,0,0,PC 17572,76.7292
683,0,3,23243452849,male,20,0,0,6563,9.225
684,0,3,38418318283,male,14,5,2,CA 2144,46.9
685,0,2,35293147095,male,60,1,1,29750,39
686,0,2,35521510675,male,25,1,2,SC/Paris 2123,41.5792
687,0,3,24242816478,male,14,4,1,3101295,39.6875
688,0,3,39513736529,male,19,0,0,349228,10.1708
689,0,3,33883440634,male,18,0,0,350036,7.7958
690,1,1,31430840762,female,15,0,1,24160,211.3375
691,1,1,38552036022,male,31,1,0,17474,57
692,1,3,32220011792,female,4,0,1,349256,13.4167
693,1,3,23444454890,male,,0,0,1601,56.4958
694,0,3,38213097730,male,25,0,0,2672,7.225
695,0,1,32453075667,male,60,0,0,113800,26.55
696,0,2,28441275524,male,52,0,0,248731,13.5
697,0,3,36468386788,male,44,0,0,363592,8.05
698,1,3,31958396067,female,,0,0,35852,7.7333
699,0,1,32170884220,male,49,1,1,17421,110.8833
700,0,3,41295761154,male,42,0,0,348121,7.65
701,1,1,27882429332,female,18,1,0,PC 17757,227.525
702,1,1,39782885362,male,35,0,0,PC 17475,26.2875
703,0,3,35134081796,female,18,0,1,2691,14.4542
704,0,3,39480653689,male,25,0,0,36864,7.7417
705,0,3,42385494923,male,26,1,0,350025,7.8542
706,0,2,40933435380,male,39,0,0,250655,26
707,1,2,26939831610,female,45,0,0,223596,13.5
708,1,1,33754345803,male,42,0,0,PC 17476,26.2875
709,1,1,36751016361,female,22,0,0,113781,151.55
710,1,3,35225880677,male,,1,1,2661,15.2458
711,1,1,29141712138,female,24,0,0,PC 17482,49.5042
712,0,1,44608756234,male,,0,0,113028,26.55
713,1,1,42747327800,male,48,1,0,19996,52
714,0,3,30498210262,male,29,0,0,7545,9.4833
715,0,2,22349018322,male,52,0,0,250647,13
716,0,3,21397241640,male,19,0,0,348124,7.65
717,1,1,28966753076,female,38,0,0,PC 17757,227.525
718,1,2,40166515394,female,27,0,0,34218,10.5
719,0,3,40796449398,male,,0,0,36568,15.5
720,0,3,25702395072,male,33,0,0,347062,7.775
721,1,2,41826061108,female,6,0,1,248727,33
722,0,3,39420060658,male,17,1,0,350048,7.0542
723,0,2,26688095456,male,34,0,0,12233,13
724,0,2,42603940423,male,50,0,0,250643,13
725,1,1,27860289543,male,27,1,0,113806,53.1
726,0,3,41437199918,male,20,0,0,315094,8.6625
727,1,2,37110034713,female,30,3,0,31027,21
728,1,3,25801963714,female,,0,0,36866,7.7375
729,0,2,41647701892,male,25,1,0,236853,26
730,0,3,39912291367,female,25,1,0,STON/O2. 3101271,7.925
731,1,1,44434165067,female,29,0,0,24160,211.3375
732,0,3,23485522783,male,11,0,0,2699,18.7875
733,0,2,27742978469,male,,0,0,239855,0
734,0,2,24021371637,male,23,0,0,28425,13
735,0,2,43376326708,male,23,0,0,233639,13
736,0,3,43559325430,male,28.5,0,0,54636,16.1
737,0,3,30906864740,female,48,1,3,W./C. 6608,34.375
738,1,1,32224642332,male,35,0,0,PC 17755,512.3292
739,0,3,39487901330,male,,0,0,349201,7.8958
740,0,3,45699446601,male,,0,0,349218,7.8958
741,1,1,31206740601,male,,0,0,16988,30
742,0,1,44791691718,male,36,1,0,19877,78.85
743,1,1,43236946307,female,21,2,2,PC 17608,262.375
744,0,3,40573303132,male,24,1,0,376566,16.1
745,1,3,34079065887,male,31,0,0,STON/O 2. 3101288,7.925
746,0,1,26705031407,male,70,1,1,WE/P 5735,71
747,0,3,45149246948,male,16,1,1,C.A. 2673,20.25
748,1,2,38933331932,female,30,0,0,250648,13
749,0,1,24917379310,male,19,1,0,113773,53.1
750,0,3,44127850745,male,31,0,0,335097,7.75
751,1,2,22051772739,female,4,1,1,29103,23
752,1,3,35774164220,male,6,0,1,392096,12.475
753,0,3,40952272130,male,33,0,0,345780,9.5
754,0,3,41788667491,male,23,0,0,349204,7.8958
755,1,2,40407749377,female,48,1,2,220845,65
756,1,2,20176134209,male,0.67,1,1,250649,14.5
757,0,3,41684130826,male,28,0,0,350042,7.7958
758,0,2,22149659441,male,18,0,0,29108,11.5
759,0,3,27488146893,male,34,0,0,363294,8.05
760,1,1,43677997614,female,33,0,0,110152,86.5
761,0,3,20975884112,male,,0,0,358585,14.5
762,0,3,22357877739,male,41,0,0,SOTON/O2 3101272,7.125
763,1,3,26837764516,male,20,0,0,2663,7.2292
764,1,1,20767526953,female,36,1,2,113760,120
765,0,3,31502884127,male,16,0,0,347074,7.775
766,1,1,22695404204,female,51,1,0,13502,77.9583
767,0,1,42584333680,male,,0,0,112379,39.6
768,0,3,24839891211,female,30.5,0,0,364850,7.75
769,0,3,39228028053,male,,1,0,371110,24.15
770,0,3,23311675482,male,32,0,0,8471,8.3625
771,0,3,41059408730,male,24,0,0,345781,9.5
772,0,3,25858658409,male,48,0,0,350047,7.8542
773,0,2,36481254342,female,57,0,0,S.O./P.P. 3,10.5
774,0,3,40311166578,male,,0,0,2674,7.225
775,1,2,31030398311,female,54,1,3,29105,23
776,0,3,29442117672,male,18,0,0,347078,7.75
777,0,3,23838953325,male,,0,0,383121,7.75
778,1,3,28750406178,female,5,0,0,364516,12.475
779,0,3,21539842944,male,,0,0,36865,7.7375
780,1,1,41168307833,female,43,0,1,24160,211.3375
781,1,3,28720546369,female,13,0,0,2687,7.2292
782,1,1,40243892867,female,17,1,0,17474,57
783,0,1,22828581440,male,29,0,0,113501,30
784,0,3,20534234210,male,,1,2,W./C. 6607,23.45
785,0,3,32688796218,male,25,0,0,SOTON/O.Q. 3101312,7.05
786,0,3,36508161840,male,25,0,0,374887,7.25
787,1,3,28530737400,female,18,0,0,3101265,7.4958
788,0,3,37110961019,male,8,4,1,382652,29.125
789,1,3,44834896394,male,1,1,2,C.A. 2315,20.575
790,0,1,39039646886,male,46,0,0,PC 17593,79.2
791,0,3,40861342300,male,,0,0,12460,7.75
792,0,2,45368563638,male,16,0,0,239865,26
793,0,3,34891422795,female,,8,2,CA. 2343,69.55
794,0,1,38864230795,male,,0,0,PC 17600,30.6958
795,0,3,20514064615,male,25,0,0,349203,7.8958
796,0,2,42854179240,male,39,0,0,28213,13
797,1,1,31288834940,female,49,0,0,17465,25.9292
798,1,3,45249222502,female,31,0,0,349244,8.6833
799,0,3,40122838190,male,30,0,0,2685,7.2292
800,0,3,44121067831,female,30,1,1,345773,24.15
801,0,2,36693134738,male,34,0,0,250647,13
802,1,2,38404391689,female,31,1,1,C.A. 31921,26.25
803,1,1,34307860659,male,11,1,2,113760,120
804,1,3,28910198220,male,0.42,0,1,2625,8.5167
805,1,3,41921933911,male,27,0,0,347089,6.975
806,0,3,23406393013,male,31,0,0,347063,7.775
807,0,1,21534120962,male,39,0,0,112050,0
808,0,3,20451047285,female,18,0,0,347087,7.775
809,0,2,28639767115,male,39,0,0,248723,13
810,1,1,21254438478,female,33,1,0,113806,53.1
811,0,3,20213331736,male,26,0,0,3474,7.8875
812,0,3,25806535608,male,39,0,0,A/4 48871,24.15
813,0,2,21455842712,male,35,0,0,28206,10.5
814,0,3,43304661669,female,6,4,2,347082,31.275
815,0,3,23773236148,male,30.5,0,0,364499,8.05
816,0,1,26785625352,male,,0,0,112058,0
817,0,3,30012815785,female,23,0,0,STON/O2. 3101290,7.925
818,0,2,27572422215,male,31,1,1,S.C./PARIS 2079,37.0042
819,0,3,26088990453,male,43,0,0,C 7075,6.45
820,0,3,30852189820,male,10,3,2,347088,27.9
821,1,1,30958321661,female,52,1,1,12749,93.5
822,1,3,32482607371,male,27,0,0,315098,8.6625
823,0,1,42602969095,male,38,0,0,19972,0
824,1,3,37427717077,female,27,0,1,392096,12.475
825,0,3,32965268464,male,2,4,1,3101295,39.6875
826,0,3,29625829337,male,,0,0,368323,6.95
827,0,3,42510046308,male,,0,0,1601,56.4958
828,1,2,21044193166,male,1,0,2,S.C./PARIS 2079,37.0042
829,1,3,22426874059,male,,0,0,367228,7.75
830,1,1,38440498240,female,62,0,0,113572,80
831,1,3,28062775357,female,15,1,0,2659,14.4542
832,1,2,32752032044,male,0.83,1,1,29106,18.75
833,0,3,21118940559,male,,0,0,2671,7.2292
834,0,3,23226387989,male,23,0,0,347468,7.8542
835,0,3,40238257308,male,18,0,0,2223,8.3
836,1,1,25239951933,female,39,1,1,PC 17756,83.1583
837,0,3,36422846465,male,21,0,0,315097,8.6625
838,0,3,22166301407,male,,0,0,392092,8.05
839,1,3,37840321427,male,32,0,0,1601,56.4958
840,1,1,39321435191,male,,0,0,11774,29.7
841,0,3,30688033220,male,20,0,0,SOTON/O2 3101287,7.925
842,0,2,26108196882,male,16,0,0,S.O./P.P. 3,10.5
843,1,1,34493271163,female,30,0,0,113798,31
844,0,3,44218462886,male,34.5,0,0,2683,6.4375
845,0,3,27426884357,male,17,0,0,315090,8.6625
846,0,3,38917632023,male,42,0,0,C.A. 5547,7.55
847,0,3,43626222093,male,,8,2,CA. 2343,69.55
848,0,3,35154384669,male,35,0,0,349213,7.8958
849,0,2,30371910692,male,28,0,1,248727,33
850,1,1,29015319641,female,,1,0,17453,89.1042
851,0,3,42189048887,male,4,4,2,347082,31.275
852,0,3,22544549448,male,74,0,0,347060,7.775
853,0,3,37579227936,female,9,1,1,2678,15.2458
854,1,1,36410704056,female,16,0,1,PC 17592,39.4
855,0,2,37657790235,female,44,1,0,244252,26
856,1,3,24882529806,female,18,0,1,392091,9.35
857,1,1,37532302324,female,45,1,1,36928,164.8667
858,1,1,40846642606,male,51,0,0,113055,26.55
859,1,3,45826961633,female,24,0,3,2666,19.2583
860,0,3,28978875886,male,,0,0,2629,7.2292
861,0,3,33867427605,male,41,2,0,350026,14.1083
862,0,2,29976698571,male,21,1,0,28134,11.5
863,1,1,33507076942,female,48,0,0,17466,25.9292
864,0,3,28184660933,female,,8,2,CA. 2343,69.55
865,0,2,20080329111,male,24,0,0,233866,13
866,1,2,30007392340,female,42,0,0,236852,13
867,1,2,41536075762,female,27,1,0,SC/PARIS 2149,13.8583
868,0,1,38933915529,male,31,0,0,PC 17590,50.4958
869,0,3,37042723189,male,,0,0,345777,9.5
870,1,3,20558035877,male,4,1,1,347742,11.1333
871,0,3,21247144888,male,26,0,0,349248,7.8958
872,1,1,39195782205,female,47,1,1,11751,52.5542
873,0,1,34230073161,male,33,0,0,695,5
874,0,3,23856189911,male,47,0,0,345765,9
875,1,2,20479271675,female,28,1,0,P/PP 3381,24
876,1,3,44879148102,female,15,0,0,2667,7.225
877,0,3,25021674657,male,20,0,0,7534,9.8458
878,0,3,22376536237,male,19,0,0,349212,7.8958
879,0,3,31901250333,male,,0,0,349217,7.8958
880,1,1,22786647398,female,56,0,1,11767,83.1583
881,1,2,44181037985,female,25,0,1,230433,26
882,0,3,39168169111,male,33,0,0,349257,7.8958
883,0,3,35427342692,female,22,0,0,7552,10.5167
884,0,2,25728958831,male,28,0,0,C.A./SOTON 34068,10.5
885,0,3,23067570162,male,25,0,0,SOTON/OQ 392076,7.05
886,0,3,34102991205,female,39,0,5,382652,29.125
887,0,2,27033784027,male,27,0,0,211536,13
888,1,1,31061515591,female,19,0,0,112053,30
889,0,3,45450001764,female,,1,2,W./C. 6607,23.45
890,1,1,32974535532,male,26,0,0,111369,30
891,0,3,44901529123,male,32,0,0,370376,7.75
