120101,Patrick,Lu,M,163040,Director,AU,18AUG1976,01JUL2003
120104,Kareen,Billington,F,46230,Administration Manager,au,11MAY1954,01JAN1981
120105,Liz,Povey,F,27110,Secretary I,AU,21DEC1974,01MAY1999
120106,John,Hornsey,M,unknown,Office Assistant II,AU,23DEC1944,01JAN1974
120107,Sherie,Sheedy,F,30475,Office Assistant III,AU,01FEB1978,21JAN1953
120108,Gladys,Gromek,F,27660,Warehouse Assistant II,AU,23FEB1984,01AUG2006
120108,Gabriele,Baker,F,26495,Warehouse Assistant I,AU,15DEC1986,01OCT2006
120110,Dennis,Entwisle,M,28615,Warehouse Assistant III,AU,20NOV1949,01NOV1979
120111,Ubaldo,Spillane,M,26895,Security Guard II,AU,23JUL1949,99NOV1978
120112,Ellis,Glattback,F,26550, ,AU,17FEB1969,01JUL1990
120113,Riu,Horsey,F,26870,Security Guard II,AU,10MAY1944,01JAN1974
120114,Jeannette,Buddery,G,31285,Security Manager,AU,08FEB1944,01JAN1974
120115,Hugh,Nichollas,M,2650,Service Assistant I,AU,08MAY1984,01AUG2005
.,Austen,Ralston,M,29250,Service Assistant II,AU,13JUN1959,01FEB1980
120117,Bill,Mccleary,M,31670,Cabinet Maker III,AU,11SEP1964,01APR1986
120118,Darshi,Hartshorn,M,28090,Cabinet Maker II,AU,03JUN1959,01JUL1984
120119,Lal,Elleman,M,30255,Electrician IV,AU,21DEC1969,01JAN1998
120120,Krishna,Peiris,F,27645,Electrician II,AU,05MAY1944,01JAN1974
120190,Ivor,Czernezkyi,M,24100,Trainee,AU,05DEC1984,01NOV2004
120191,Jannene,Graham-Rowe,F,2401,Trainee,AU,17JAN1959,01JAN2003
120192,Anthony,Nichollas,M,26185,Trainee,AU,08MAY1984,01JUN2005
120193,Russell,Streit,M,24515,Trainee,AU,06DEC1984,01SEP2005
120194,Reece,Harwood,M,25985,Trainee,AU,23SEP1984,01FEB2005
120195,Jina,Fiocca,F,24990,Trainee,AU,25DEC1984,01JUL2006
120196,Merle,Hieds,F,24025,Trainee,AU,31JAN1984,01JAN2003
120197,Kerrin,Dillin,F,25580,Trainee,AU,08AUG1954,01JAN2003
120259,Anthony,Miller,M,433800,Chief Executive Officer,US,25JAN1964,01SEP1989
120260,Christine,Fletcher,F,207885,Chief Marketing Officer,US,02DEC1964,01NOV1984
120262,Max,Crown,M,268455,Chief Financial Officer,US,21OCT1969,01SEP1988
120263,Bobby,Cleverley,M,42605,Financial Analyst III,US,10FEB1964,01OCT1983
120264,Latonya,Croome,F,37510,Financial Analyst II,US,23JAN1984,01DEC2006
120265,Wanda,Branly,F,51950,Auditor III,US,04OCT1944,01JAN1974
120266,Bao,Krafve,F,31750,Secretary IV,US,01JUL1969,01APR1989
120267,Belanda,Rink,F,28585,Secretary III,US,02JUN1986,01FEB2003
120268,Jacques,Villeneuve,M,76105,Senior Strategist,US,01SEP1974,01MAY1997
120269,Shrimatee,Kagolanu,F,52540,Strategist II,US,27SEP1944,01JAN1974
120270,Grezegorz,Nuss,M,48435,Concession Director,US,25MAR1954,01JAN1974
120271,Kenisha,Winge,F,43635,Concession Manager,US,06AUG1964,01SEP1986
120272,Febin,Flow,M,34390,Concession Consultant II,US,15MAR1944,01JAN1974
120273,Doris,Antonini,F,28455,Concession Assistant III,US,07JUN1986,01MAR2006
120274,Angela,Landry,F,26840,Concession Assistant I,US,09JAN1964,01DEC1993
120275,Brandy,Lattimer,F,32195,Concession Consultant II,US,27DEC1959,01OCT1984
120276,Nicholas,Plybon,M,28090,Concession Assistant II,US,16DEC1944,01JAN1974
120277,Wesley,Shirts,F,32645,Concession Consultant I,US,16AUG1988,01MAY2004
120278,Binit,Jongleux,M,27685,Concession Assistant III,US,17DEC1986,01AUG2006
120279,Kareema,Dunlap,F,32925,Concession Consultant I,US,20OCT1969,01MAY1996
120280,Jaime,Laurer,F,36930,Concession Consultant III,US,11NOV1964,01MAY1988
120656,Salley,Amos,F,42570,Logistics Coordinator II,US,28JAN1974,01MAR1999
120657,Theresa,Weisbarth,F,36110,Logistics Coordinator I,US,07JAN1964,01NOV1990
120658,Kenneth,Kennedy,M,42485,Logistics Coordinator II,US,20DEC1954,01FEB1981
120659,Jay,Havasy,M,161290,Director,US,16JUL1949,01JAN1974
120660,Robert,Smith,M,61125,Logistics Manager,US,06JUN1978,01MAR2005
120661,Cynthia,Racine,F,85495,Senior Logistics Manager,US,27NOV1954,01JAN1984
120662,Lemonica,Burroughs,M,27045,Secretary II,US,25JUN1988,01NOV2006
120663,Anglar,Kornblith,F,56385,Pricing Manager,US,26MAR1969,01MAR1997
120664,Brock,Senchak,M,47605,Pricing Specialist,US,18FEB1954,01MAY1975
120665,Jill,Leacock,F,80070,Senior Logistics Manager,US,24OCT1974,01MAR2002
120666,John,Onuscheck,M,64555,Logistics Manager,US,22JUN1969,01DEC1991
120667,Edwin,Droste,M,29980,Office Assistant III,US,21JUN1979,01FEB2006
120668,Thyland,Dolan,M,47785,Services Manager,US,23OCT1949,01DEC1978
120669,Ronald,Hill,M,36370,Services Assistant IV,US,23JUL1944,01JAN1974
120670,Odudu,Zisek,M,65420,Shipping Manager,US,26MAR1944,01JAN1974
120671,William,Latty,M,40080,Shipping Agent III,US,27MAY1954,01FEB1983
120672,Verne,Guscott,M,60980,Shipping Manager,AU,25AUG1964,01MAR1992
120673,Pearl,Santomaggio,F,35935,Shipping Agent II,AU,27JUN1944,01JAN1974
120677,Suad,Sochacki,F,65555,Shipping Manager,US,02SEP1969,01FEB1993
120678,Lucretta,Octetree,F,40035,Shipping Agent III,US,12JAN1949,01MAY1978
120679,Chrisy,Cutucache,F,46190,Shipping Manager,US,07NOV1976,01JUL2002
120680,Raymondria,Desaulniers,F,27295,Shipping Agent I,US,25AUG1969,01MAY1991
120681,Elery,Tolbet,M,30950,Shipping Agent II,US,12AUG1979,01APR2004
120682,Barbara,Kennedy,F,26760,Shipping Agent I,US,20DEC1969,01APR1996
120683,Deven,Kochneff,F,36315,Shipping Agent III,US,12NOV1954,01JAN1974
120684,Suzon,Woyach,F,26960,Warehouse Assistant I,US,26NOV1986,01NOV2006
120685,Anita,Howard,F,25130,Warehouse Assistant I,US,01MAR1984,01NOV2006
120686,Berether,Tucker,F,26690,Warehouse Assistant II,US,07MAY1944,01JAN1974
120687,Freda,Dannin,F,26800,Warehouse Assistant I,US,25MAY1979,01AUG2004
120688,Lisa,Carcaterra,F,25905,Warehouse Assistant I,US,25DEC1949,01JAN1974
120689,Katherine,Pongor,F,27780,Warehouse Assistant III,US,20JUL1979,01JUL2006
120690,Taronda,Langston,F,25185,Warehouse Assistant I,US,17JAN1984,01DEC2004
120691,Sek,Habres,M,49240,Shipping Manager,AU,15SEP1944,01JAN1974
120692,Rit,Tregonning,M,32485,Shipping Agent II,AU,22NOV1954,01APR1982
120693,Diaz,Tellam,M,26625,Shipping Agent I,AU,02MAY1959,01JUN1979
120694,Sharon,Leazer,F,27365,Warehouse Assistant I,AU,16AUG1988,01APR2006
120695,Trent,Moffat,M,28180,Warehouse Assistant II,au,13JUL1964,01JUL1989
120696,Peter,Pettolino,M,26615,Warehouse Assistant I,AU,14AUG1954,01MAR1974
120697,Madelaine,Fouche,F,29625,Warehouse Assistant IV,AU,27JUN1988,01JUN2006
120698,Geoff,Kistanna,M,26160,Warehouse Assistant I,au,17MAY1954,01AUG1976
120710,Timothy,Baltzell,M,54840,Business Analyst II,US,24NOV1974,01JAN1998
120711,Gloria,Drew,F,59130,Business Analyst III,US,28MAY1969,01MAR1994
120712,Elisabeth,Motashaw,F,63640,Marketing Manager,US,12JUN1949,01JAN1974
120713,Carston,Campbell,M,31630,Marketing Assistant III,US,23FEB1944,01JAN1974
120714,Robert,Dinley,M,62625,Marketing Manager,US,04APR1976,01SEP1998
120715,Angelia,Neal,F,28535,Marketing Assistant II,US,12JUN1979,01FEB2005
120716,Kenneth,Juif,M,53015,Events Manager,US,24JUL1974,01AUG1993
120717,Jon,Sleva,M,30155,Marketing Assistant II,US,09JAN1954,01AUG1981
120718,Charles,Hennington,M,29190,Marketing Assistant II,US,08JUL1964,01MAY1990
120719,Roya,Ridley,F,87420,Senior Marketing Manager,US,22JAN1969,01FEB1996
120720,John,Spingola,M,46580,Corp. Comm. Manager,US,07MAY1964,01APR1992
120721,Dlutomi,Knust,F,29870,Marketing Assistant II,US,21OCT1944,01JAN1974
120722,Ishmar,Sheffield,M,32460,Corp. Comm. Specialist I,US,22SEP1959,01OCT1985
120723,Deanna,Olsen, ,33950,Corp. Comm. Specialist II,US,10AUG1949,01JAN1974
120724,Hampie,Brown,M,63705,Marketing Manager,US,27JAN1964,01APR1992
120725,Robert,Whitlock,M,29970,Marketing Assistant II,US,24OCT1979,01JUN2004
120726,Lutezenia,Obermeyer,F,27380,Marketing Assistant I,US,01JUL1988,01SEP2006
120727,Donald,Marples,M,34925,Marketing Assistant IV,US,25JUN1964,01JUN1986
120728,Kathryn,Borge,F,35070,Purchasing Agent II,US,04DEC1954,01JAN1982
120729,Kimberly,Howell,F,31495,Purchasing Agent I,US,03APR1988,25APR2003
120730,Woodson,Burt,M,30195,Purchasing Agent I,US,16DEC1964,01OCT1988
120731,Robert,Lerew,M,34150,Purchasing Agent II,US,15MAR1959,01SEP1983
120732,Kent,Uenking,M,35870,Purchasing Agent III,US,14AUG1949,01JAN1974
120733,Michael,Bezinque,M,31760,Purchasing Agent I,US,03APR1964,01NOV1990
120734,Svein,Saylor,M,34270,Purchasing Agent III,US,26APR1979,01MAR2006
120735,Brenda,Bilobran,F,61985,Purchasing Manager,US,13JUN1954,01MAY1978
120736,Parie,Kiemle,F,63985,Purchasing Manager,US,27NOV1964,01OCT1991
120737,Brenner,Toner,F,63605,Purchasing Manager,US,28MAR1959,01NOV1988
120738,Huilun,Swaiti,F,30025,Purchasing Agent I,US,06JUL1949,01JAN1974
120739,Bryon,Cooper,M,36970,Purchasing Agent III,US,07AUG1986,01MAY2006
120740,Lisa,Koonce,F,35110,Purchasing Agent II,US,19OCT1949,01JAN1974
120741,Keisha,Court,F,36365,Purchasing Agent III,US,28NOV1944,01JAN1974
120742,Ronald,Shewitz,M,31020,Purchasing Agent I,US,04FEB1944,01JAN1974
120743,Chimena,Harrison,F,34620,Purchasing Agent II,US,01FEB1969,01JUN1997
120744,Alden,Feigenbaum,F,33490,Purchasing Agent II,US,19JUN1988,01JUL2004
120745,Barbara,Harvill,F,31365,Purchasing Agent I,US,05JUL1986,01JUN2006
120746,Kevie,Kimmerle,M,46090,Account Manager,US,10OCT1974,01APR2002
120747,Zashia,Farthing,F,43590,Financial Controller I,us,20JUN1974,01AUG1995
120748,Nahliah,Post,F,48380,Building Admin. Manager,US,05JUL1976,01MAR2003
120749,Kevin,Niemann,M,26545,Office Assistant II,US,20SEP1974,01OCT1996
120750,Connie,Woods,F,32675,Accountant I,US,07JUN1954,01FEB1979
120751,Azavi0us,Mea,M,58200,Finance Manager,US,05APR1964,01AUG1988
120752,Jean-Claude,Van Damme,M,30590,Accountant I,US,17FEB1954,01AUG1975
120753,Ralph,Ferrari,M,47000,Financial Controller II,US,15JUN1976,01AUG1994
120754,John,Atkins,M,34760,Accountant II,US,02JUN1988,01MAY2006
120755,Elizabeth,Thoits,F,36440,Accountant III,US,24AUG1964,01AUG1983
120756,Wendy,Asta,F,52295,Financial Controller III,US,20FEB1974,01JUL1996
120757,Paul,Knopfmacher,M,38545,Accountant III,US,18MAR1944,01JAN1974
120758,Sal,Voltz,M,34040,Accountant II,US,22OCT1964,01OCT1992
120759,Nishan,Apr,M,36230,Accountant II,US,04NOV1964,01JAN1983
120760,Pamela,Miller,F,53475,Financial Controller III,US,06JAN1969,01MAY1993
120761,Tameaka,Akinfolarin,F,30960,Accountant I,US,28DEC1986,01JUL2006
120762,Marvin,Leone,M,30625,Accountant I,US,02NOV1979,01MAR2006
120763,Ramond,Capps,M,45100,Auditor II,US,26OCT1944,01JAN1974
120764,Steven,Worton,M,40450,Auditor I,US,22DEC1974,01DEC2002
120765,Nikeisha,Kokoszka,F,51950,Financial Controller III,US,17DEC1954,01JAN1974
120766,Janelle,Kempster,F,53400,Auditing Manager,US,05NOV1974,01MAR2001
120767,Legette,Terricciano,M,32965,Accountant I,US,09MAY1964,01APR1987
120768,Roland,Rayburn,M,44955,Accountant II,US,22JUL1954,01OCT1981
120769,Abelino,Lightbourne,M,47990,Auditor II,US,24MAY1974,01APR1996
120770,Julia,Pascoe,F,43930,Auditor I,US,24APR1964,01APR1987
120771,Wei,Xing Moore,F,36435,Accountant II,US,04AUG1954,01DEC1976
120772,Erich,Overdorff,M,27365,HR Generalist I,US,08APR1988,01AUG2006
120773,Entrisse,Horne,F,27370,HR Generalist II,US,22FEB1959,01APR1981
120774,Sue,El-Amin,F,45155,HR Specialist II,US,17SEP1978,01MAR2002
120775,Tanya,Thompson,F,41580,HR Analyst II,US,11FEB1969,01NOV1996
120776,Ratna,Silverthorne,M,32580,HR Generalist III,US,21SEP1979,01APR2001
120777,Kary,Sacher,M,40955,HR Specialist I,US,26MAR1969,01MAY1994
120778,Angela,Gardner,F,43650,HR Specialist I,US,08DEC1954,01FEB1984
120779,Jennifer,Eggleston,F,43690,HR Analyst II,US,04OCT1976,01MAR1997
120780,Kimberly,Walcott,F,62995,HR Manager,US,01SEP1969,01OCT1991
120781,Sarah,Sitnik,F,32620,Recruiter I,US,23JAN1988,01DEC2004
120782,Rilma,Sines,F,63915,Recruitment Manager,US,29NOV1974,01JUN1999
120783,Davis,Karp,M,42975,Recruiter III,US,20DEC1974,01JAN1996
120784,Jennifer,Pinol,F,35715,Recruiter II,US,24APR1979,01SEP2004
120785,Damesha,Donnell,F,48335,Training Manager,US,21JAN1969,01JUN1993
120786,Chris-Anne,Delafuente,F,32650,Trainer I,US,18MAR1944,01JAN1974
120787,Carl,Peachey,M,34000,Trainer II,US,22AUG1969,01JAN1996
120788,Smitty,Lisowe,M,33530,Trainer I,US,13JUN1969,01DEC1994
120789,Julius,Denhollem,M,39330,Trainer III,US,14JUL1964,01DEC1982
120790,Tara,O'Toole,F,53740,ETL Specialist II,US,07DEC1974,01MAY1995
120791,Richard,Chiseloff,M,61115,Systems Architect IV,US,26JUL1964,01OCT1986
120792,Omeba,Horne,F,54760,Systems Architect II,US,19MAR1976,01AUG1997
120793,William,Mamo,M,47155,ETL Specialist I,US,08AUG1969,01JUN1996
120794,Samantha,Cross,F,51265,Applications Developer IV,US,31DEC1978,01JUL2003
120795,David,Deacon,M,49105,Applications Developer II,US,16JAN1969,01AUG1988
120796,Philip,Kellis,M,47030,Applications Developer II,US,12MAY1954,01MAR1983
120797,Sherrie,Jones,F,43385,Applications Developer I,US,17NOV1954,01DEC1977
120798,Elizabeth,Ardskin,F,80755,Senior Project Manager,US,23JUN1959,01JAN1987
120799,Jeffery,Stefandonovan,M,29070,Office Assistant III,US,23MAR1979,01NOV1998
120800,Fred,Benyami,M,80210,IS Director,US,20DEC1974,01JUN1997
120801,Kathryn,Kennedy,F,40040,Applications Developer I,US,06MAR1974,01JUL1999
120802,U'Vonda,Parker,F,65125,Applications Developer IV,US,11MAY1949,01JAN1978
120803,Victor,Droste,M,43630,Applications Developer I,US,06JUN1954,01JAN1978
120804,Ahmed,Zied,M,55400,IS Administrator III,US,11FEB1944,01JAN1974
120805,Robert,Walker,M,58530,BI Administrator IV,US,27JUN1978,01APR2000
120806,Lorna,Ousley,F,47285,IS Administrator II,US,25FEB1974,01FEB1992
120807,Gerlinde,Peppers,F,43325,IS Administrator I,US,14DEC1959,01JAN1982
120808,Marcel,Dupree,M,44425,BI Specialist II,US,01JUN1964,01JUN1984
120809,Chiorene,Marion,F,47155,BI Architect II,US,14JAN1944,01JAN1974
120810,Loyal,Esguerra,M,58375,IS Architect III,US,04OCT1954,01MAR1980
120811,Dale,Bergeron-Jeter,M,43985,Applications Developer I,US,26SEP1969,01JUL1993
120812,Fauver,Arruza,M,45810,Applications Developer II,US,19FEB1974,01AUG2001
120813,John,Heinsler,M,50865,Applications Developer IV,US,14SEP1969,01JAN1993
120814,Victor,Scroggin,M,59140,Project Manager,US,03JUN1959,01SEP1979
120815,Craig,Honore,M,31590,Service Administrator III,US,27DEC1988,01APR2006
120816,Tessia,Hart,F,30485,Service Administrator I,US,03MAY1969,01AUG1993
120992,Lisa,Kicak,F,26940,Office Assistant I,US,17FEB1979,01AUG2000
120993,Lorraine,Boatright,F,26260,Office Assistant I,US,18DEC1969,01MAR1997
120994,Danelle,Sergeant,F,31645,Office Administrator I,us,16JUN1974,01NOV1994
120995,Lily-Ann,Gordo,F,34850,Office Administrator II,US,13JUN1984,01AUG2006
120996,Johannes,Wade,M,32745,Office Assistant IV,US,21JUL1974,01SEP2002
120997,Mary,Donathan,F,27420,Shipping Administrator I,us,21NOV1974,01SEP1996
120998,Tondelayo,Benedicto,F,26330,Clerk I,US,06DEC1979,01APR2005
120999,Sherelyn,Heilmann,F,27215,Clerk I,US,28DEC1959,01APR1984
121000,Herman,Supple,M,48600,Administration Manager,US,25JAN1964,01DEC1993
121001,Tony,House,M,43615,Warehouse Manager,US,21JAN1959,01SEP1977
121002,Terry-Ann,Clark,F,26650,Warehouse Assistant II,US,18SEP1954,01DEC1979
121003,Troyce Van,Der Wiele,M,26000,Warehouse Assistant I,US,05MAY1988,01JUL2006
121004,Kellen,Smith,M,30895,Security Manager,US,03AUG1944,01JAN1974
121005,Yuh-Lang,Mclamb,M,25020,Security Guard I,US,15JUL1984,01FEB2004
121006,Bernard,Bolster,M,26145,Security Guard I,US,12OCT1986,01NOV2004
121007,John,Banaszak,M,27290,Security Guard II,US,12OCT1964,01FEB1987
121008,Eron,Mckenzie,M,27875,Security Guard II,US,03JUL1969,01AUG1993
121009,Robert,Goodwin,M,32955,Service Administrator I,US,04DEC1979,01AUG1999
121010,Donald,Lamp,M,25195,Service Assistant I,US,14AUG1984,01MAR2006
121011,Steven,Banchi,M,25735,Service Assistant I,US,11MAR1944,01JAN1968
121012,Carmelo,Broome,M,29575,Service Assistant II,US,26JAN1986,01SEP2003
121013,Seco,Hargrave,M,26675,Electrician II,US,28APR1979,01APR2000
121014,Donelle,Liguori,F,28510,Electrician III,US,01MAY1974,01AUG1999
121015,Wilson,Elmoslamy,M,26140,Technician I,US,13DEC1979,01SEP2000
121016,Lutezenia,Sullivan,F,48075,Technical Manager,US,19JAN1976,01SEP2004
121017,Gilbert,Arizmendi,M,29225,Technician II,US,06JAN1984,01MAR2005
121125,Michael,Holt,M,25315,Trainee,US,17APR1974,01JAN2003
121126,James,Penhale,M,26015,Trainee,US,26OCT1954,01JAN2003
121127,Keyna,Mangini,F,25435,Trainee,US,03SEP1986,01JUN2005
121128,Glacia,Nazar,F,25405,Trainee,US,26JUN1974,01JAN2003
121129,Yusef,Hafley,M,30945,Trainee,US,01MAY1964,01JAN2003
121130,Gary,Herndon,M,25255,Trainee,US,21JAN1984,01FEB2004
121131,William,Pantages,M,25445,Trainee,US,30JUN1969,01JAN2003
121132,Shia-Ling,Digiorgio,M,24390,Trainee,US,08FEB1954,01JAN2003
121133,Peter,Pringley,M,25405,Trainee,US,10NOV1979,01JAN2003
121134,Paul,Tacosa,M,25585,Trainee,US,02JUL1964,01JAN2003
121141,Henri Le,Bleu,M,194885,Vice President,US,19JUN1944,01JAN1974
121142,Reginald,Steiber,M,156065,Director,US,14FEB1969,01MAY1993
121146,Julieanne,Sangiorgio,F,29320,Secretary III,US,09DEC1986,01APR2006
121147,Christine,Sneed,F,29145,Secretary II,US,28MAY1969,01SEP1987
121148,Shane,Sadig,M,52930,Business Analyst II,US,01JAN1969,01JAN1998
