CountryCode,ShortName,LongName,AlphaCode,Region,IncomeGroup
AFG,Afghanistan,Islamic State of Afghanistan,AF,South Asia,Low income
AGO,Angola,People's Republic of Angola,AO,Sub-Saharan Africa,Lower middle income
ALB,Albania,Republic of Albania,AL,Europe & Central Asia,Upper middle income
ARB,Arab World,Arab World,1A,,
ARE,United Arab Emirates,United Arab Emirates,AE,Middle East & North Africa,High income
ARG,Argentina,Argentine Republic,AR,Latin America & Caribbean,Upper middle income
ARM,Armenia,Republic of Armenia,AM,Europe & Central Asia,Lower middle income
AUS,Australia,Commonwealth of Australia,AU,East Asia & Pacific,High income
AUT,Austria,Republic of Austria,AT,Europe & Central Asia,High income
AZE,Azerbaijan,Republic of Azerbaijan,AZ,Europe & Central Asia,Upper middle income
BDI,Burundi,Republic of Burundi,BI,Sub-Saharan Africa,Low income
BEL,Belgium,Kingdom of Belgium,BE,Europe & Central Asia,High income
BEN,Benin,Republic of Benin,BJ,Sub-Saharan Africa,Low income
BFA,Burkina Faso,Burkina Faso,BF,Sub-Saharan Africa,Low income
BGD,Bangladesh,People's Republic of Bangladesh,BD,South Asia,Lower middle income
BGR,Bulgaria,Republic of Bulgaria,BG,Europe & Central Asia,Upper middle income
BHR,Bahrain,Kingdom of Bahrain,BH,Middle East & North Africa,High income
BIH,Bosnia and Herzegovina,Bosnia and Herzegovina,BA,Europe & Central Asia,Upper middle income
BLR,Belarus,Republic of Belarus,BY,Europe & Central Asia,Upper middle income
BLZ,Belize,Belize,BZ,Latin America & Caribbean,Upper middle income
BOL,Bolivia,Plurinational State of Bolivia,BO,Latin America & Caribbean,Lower middle income
BRA,Brazil,Federative Republic of Brazil,BR,Latin America & Caribbean,Upper middle income
BTN,Bhutan,Kingdom of Bhutan,BT,South Asia,Lower middle income
BWA,Botswana,Republic of Botswana,BW,Sub-Saharan Africa,Upper middle income
CAF,Central African Republic,Central African Republic,CF,Sub-Saharan Africa,Low income
CAN,Canada,Canada,CA,North America,High income
CHE,Switzerland,Switzerland,CH,Europe & Central Asia,High income
CHL,Chile,Republic of Chile,CL,Latin America & Caribbean,High income
CHN,China,People's Republic of China,CN,East Asia & Pacific,Upper middle income
CIV,Côte d'Ivoire,Republic of Côte d'Ivoire,CI,Sub-Saharan Africa,Lower middle income
CMR,Cameroon,Republic of Cameroon,CM,Sub-Saharan Africa,Lower middle income
COD,Dem. Rep. Congo,Democratic Republic of the Congo,CD,Sub-Saharan Africa,Low income
COG,Congo,Republic of Congo,CG,Sub-Saharan Africa,Lower middle income
COL,Colombia,Republic of Colombia,CO,Latin America & Caribbean,Upper middle income
COM,Comoros,Union of the Comoros,KM,Sub-Saharan Africa,Low income
CRI,Costa Rica,Republic of Costa Rica,CR,Latin America & Caribbean,Upper middle income
CYP,Cyprus,Republic of Cyprus,CY,Europe & Central Asia,High income
CZE,Czech Republic,Czech Republic,CZ,Europe & Central Asia,High income
DEU,Germany,Federal Republic of Germany,DE,Europe & Central Asia,High income
DJI,Djibouti,Republic of Djibouti,DJ,Middle East & North Africa,Lower middle income
DNK,Denmark,Kingdom of Denmark,DK,Europe & Central Asia,High income
DOM,Dominican Republic,Dominican Republic,DO,Latin America & Caribbean,Upper middle income
DZA,Algeria,People's Democratic Republic of Algeria,DZ,Middle East & North Africa,Upper middle income
EAS,East Asia & Pacific,East Asia & Pacific,Z4,,
ECS,Europe & Central Asia,Europe & Central Asia,Z7,,
ECU,Ecuador,Republic of Ecuador,EC,Latin America & Caribbean,Upper middle income
EGY,Egypt,Arab Republic of Egypt,EG,Middle East & North Africa,Lower middle income
EMU,Euro area,Euro area,,,
ESP,Spain,Kingdom of Spain,ES,Europe & Central Asia,High income
EST,Estonia,Republic of Estonia,EE,Europe & Central Asia,High income
ETH,Ethiopia,Federal Democratic Republic of Ethiopia,ET,Sub-Saharan Africa,Low income
FIN,Finland,Republic of Finland,FI,Europe & Central Asia,High income
FRA,France,French Republic,FR,Europe & Central Asia,High income
GAB,Gabon,Gabonese Republic,GA,Sub-Saharan Africa,Upper middle income
GBR,United Kingdom,United Kingdom of Great Britain and Northern Ireland,GB,Europe & Central Asia,High income
GEO,Georgia,Georgia,GE,Europe & Central Asia,Lower middle income
GHA,Ghana,Republic of Ghana,GH,Sub-Saharan Africa,Lower middle income
GIN,Guinea,Republic of Guinea,GN,Sub-Saharan Africa,Low income
GRC,Greece,Hellenic Republic,GR,Europe & Central Asia,High income
GTM,Guatemala,Republic of Guatemala,GT,Latin America & Caribbean,Lower middle income
HIC,High income,High income,,,
HKG,"Hong Kong SAR, China",Hong Kong Special Administrative Region of the People's Republic of China,HK,East Asia & Pacific,High income
HND,Honduras,Republic of Honduras,HN,Latin America & Caribbean,Lower middle income
HRV,Croatia,Republic of Croatia,HR,Europe & Central Asia,Upper middle income
HTI,Haiti,Republic of Haiti,HT,Latin America & Caribbean,Low income
HUN,Hungary,Hungary,HU,Europe & Central Asia,High income
IDN,Indonesia,Republic of Indonesia,ID,East Asia & Pacific,Lower middle income
IND,India,Republic of India,IN,South Asia,Lower middle income
IRL,Ireland,Ireland,IE,Europe & Central Asia,High income
IRN,Iran,Islamic Republic of Iran,IR,Middle East & North Africa,Upper middle income
IRQ,Iraq,Republic of Iraq,IQ,Middle East & North Africa,Upper middle income
ISR,Israel,State of Israel,IL,Middle East & North Africa,High income
ITA,Italy,Italian Republic,IT,Europe & Central Asia,High income
JAM,Jamaica,Jamaica,JM,Latin America & Caribbean,Upper middle income
JOR,Jordan,Hashemite Kingdom of Jordan,JO,Middle East & North Africa,Lower middle income
JPN,Japan,Japan,JP,East Asia & Pacific,High income
KAZ,Kazakhstan,Republic of Kazakhstan,KZ,Europe & Central Asia,Upper middle income
KEN,Kenya,Republic of Kenya,KE,Sub-Saharan Africa,Lower middle income
KGZ,Kyrgyz Republic,Kyrgyz Republic,KG,Europe & Central Asia,Lower middle income
KHM,Cambodia,Kingdom of Cambodia,KH,East Asia & Pacific,Lower middle income
KOR,Korea,Republic of Korea,KR,East Asia & Pacific,High income
KWT,Kuwait,State of Kuwait,KW,Middle East & North Africa,High income
LAO,Lao PDR,Lao People's Democratic Republic,LA,East Asia & Pacific,Lower middle income
LBN,Lebanon,Lebanese Republic,LB,Middle East & North Africa,Upper middle income
LBR,Liberia,Republic of Liberia,LR,Sub-Saharan Africa,Low income
LBY,Libya,Socialist People's Libyan Arab Jamahiriya,LY,Middle East & North Africa,Upper middle income
LCN,Latin America & Caribbean,Latin America & Caribbean,ZJ,,
LIC,Low income,Low income,,,
LKA,Sri Lanka,Democratic Socialist Republic of Sri Lanka,LK,South Asia,Lower middle income
LMC,Lower middle income,Lower middle income,,,
LMY,Low & middle income,Low & middle income,,,
LSO,Lesotho,Kingdom of Lesotho,LS,Sub-Saharan Africa,Lower middle income
LTU,Lithuania,Republic of Lithuania,LT,Europe & Central Asia,High income
LUX,Luxembourg,Grand Duchy of Luxembourg,LU,Europe & Central Asia,High income
LVA,Latvia,Republic of Latvia,LV,Europe & Central Asia,High income
MAR,Morocco,Kingdom of Morocco,MA,Middle East & North Africa,Lower middle income
MDA,Moldova,Republic of Moldova,MD,Europe & Central Asia,Lower middle income
MDG,Madagascar,Republic of Madagascar,MG,Sub-Saharan Africa,Low income
MEA,Middle East & North Africa,Middle East & North Africa,ZQ,,
MEX,Mexico,United Mexican States,MX,Latin America & Caribbean,Upper middle income
MIC,Middle income,Middle income,,,
MKD,Macedonia,Former Yugoslav Republic of Macedonia,MK,Europe & Central Asia,Upper middle income
MLI,Mali,Republic of Mali,ML,Sub-Saharan Africa,Low income
MLT,Malta,Republic of Malta,MT,Middle East & North Africa,High income
MMR,Myanmar,Republic of the Union of Myanmar,MM,East Asia & Pacific,Lower middle income
MNE,Montenegro,Montenegro,ME,Europe & Central Asia,Upper middle income
MNG,Mongolia,Mongolia,MN,East Asia & Pacific,Lower middle income
MOZ,Mozambique,Republic of Mozambique,MZ,Sub-Saharan Africa,Low income
MRT,Mauritania,Islamic Republic of Mauritania,MR,Sub-Saharan Africa,Lower middle income
MUS,Mauritius,Republic of Mauritius,MU,Sub-Saharan Africa,Upper middle income
MWI,Malawi,Republic of Malawi,MW,Sub-Saharan Africa,Low income
MYS,Malaysia,Malaysia,MY,East Asia & Pacific,Upper middle income
NAC,North America,North America,XU,,
NAM,Namibia,Republic of Namibia,NA,Sub-Saharan Africa,Upper middle income
NER,Niger,Republic of Niger,NE,Sub-Saharan Africa,Low income
NGA,Nigeria,Federal Republic of Nigeria,NG,Sub-Saharan Africa,Lower middle income
NIC,Nicaragua,Republic of Nicaragua,NI,Latin America & Caribbean,Lower middle income
NLD,Netherlands,Kingdom of the Netherlands,NL,Europe & Central Asia,High income
NOR,Norway,Kingdom of Norway,NO,Europe & Central Asia,High income
NPL,Nepal,Nepal,NP,South Asia,Low income
NZL,New Zealand,New Zealand,NZ,East Asia & Pacific,High income
OED,OECD members,OECD members,OE,,
OMN,Oman,Sultanate of Oman,OM,Middle East & North Africa,High income
PAK,Pakistan,Islamic Republic of Pakistan,PK,South Asia,Lower middle income
PAN,Panama,Republic of Panama,PA,Latin America & Caribbean,Upper middle income
PER,Peru,Republic of Peru,PE,Latin America & Caribbean,Upper middle income
PHL,Philippines,Republic of the Philippines,PH,East Asia & Pacific,Lower middle income
POL,Poland,Republic of Poland,PL,Europe & Central Asia,High income
PRI,Puerto Rico,Puerto Rico,PR,Latin America & Caribbean,High income
PRT,Portugal,Portuguese Republic,PT,Europe & Central Asia,High income
PRY,Paraguay,Republic of Paraguay,PY,Latin America & Caribbean,Upper middle income
PSE,West Bank and Gaza,West Bank and Gaza,PS,Middle East & North Africa,Lower middle income
QAT,Qatar,State of Qatar,QA,Middle East & North Africa,High income
ROU,Romania,Romania,RO,Europe & Central Asia,Upper middle income
RUS,Russia,Russian Federation,RU,Europe & Central Asia,Upper middle income
RWA,Rwanda,Republic of Rwanda,RW,Sub-Saharan Africa,Low income
SAS,South Asia,South Asia,,,
SAU,Saudi Arabia,Kingdom of Saudi Arabia,SA,Middle East & North Africa,High income
SDN,Sudan,Republic of the Sudan,SD,Sub-Saharan Africa,Lower middle income
SEN,Senegal,Republic of Senegal,SN,Sub-Saharan Africa,Low income
SGP,Singapore,Republic of Singapore,SG,East Asia & Pacific,High income
SLE,Sierra Leone,Republic of Sierra Leone,SL,Sub-Saharan Africa,Low income
SLV,El Salvador,Republic of El Salvador,SV,Latin America & Caribbean,Lower middle income
SOM,Somalia,Somali Democratic Republic,SO,Sub-Saharan Africa,Low income
SRB,Serbia,Republic of Serbia,RS,Europe & Central Asia,Upper middle income
SSD,South Sudan,Republic of South Sudan,SS,Sub-Saharan Africa,Low income
SSF,Sub-Saharan Africa,Sub-Saharan Africa,ZG,,
SVK,Slovak Republic,Slovak Republic,SK,Europe & Central Asia,High income
SVN,Slovenia,Republic of Slovenia,SI,Europe & Central Asia,High income
SWE,Sweden,Kingdom of Sweden,SE,Europe & Central Asia,High income
SWZ,Eswatini,Kingdom of Eswatini,SZ,Sub-Saharan Africa,Lower middle income
SYR,Syrian Arab Republic,Syrian Arab Republic,SY,Middle East & North Africa,Lower middle income
TCD,Chad,Republic of Chad,TD,Sub-Saharan Africa,Low income
TGO,Togo,Republic of Togo,TG,Sub-Saharan Africa,Low income
THA,Thailand,Kingdom of Thailand,TH,East Asia & Pacific,Upper middle income
TJK,Tajikistan,Republic of Tajikistan,TJ,Europe & Central Asia,Lower middle income
TKM,Turkmenistan,Turkmenistan,TM,Europe & Central Asia,Upper middle income
TTO,Trinidad and Tobago,Republic of Trinidad and Tobago,TT,Latin America & Caribbean,High income
TUN,Tunisia,Republic of Tunisia,TN,Middle East & North Africa,Lower middle income
TUR,Turkey,Republic of Turkey,TR,Europe & Central Asia,Upper middle income
TWN,"Taiwan, China","Taiwan, China",TW,East Asia & Pacific,High income: nonOECD
TZA,Tanzania,United Republic of Tanzania,TZ,Sub-Saharan Africa,Low income
UGA,Uganda,Republic of Uganda,UG,Sub-Saharan Africa,Low income
UKR,Ukraine,Ukraine,UA,Europe & Central Asia,Lower middle income
UMC,Upper middle income,Upper middle income,,,
URY,Uruguay,Oriental Republic of Uruguay,UY,Latin America & Caribbean,High income
USA,United States,United States of America,US,North America,High income
UZB,Uzbekistan,Republic of Uzbekistan,UZ,Europe & Central Asia,Lower middle income
VEN,Venezuela,República Bolivariana de Venezuela,VE,Latin America & Caribbean,Upper middle income
VNM,Vietnam,Socialist Republic of Vietnam,VN,East Asia & Pacific,Lower middle income
WLD,World,World,,,
XKX,Kosovo,Republic of Kosovo,XK,Europe & Central Asia,Lower middle income
YEM,Yemen,Republic of Yemen,YE,Middle East & North Africa,Lower middle income
ZAF,South Africa,Republic of South Africa,ZA,Sub-Saharan Africa,Upper middle income
ZMB,Zambia,Republic of Zambia,ZM,Sub-Saharan Africa,Lower middle income
ZWE,Zimbabwe,Republic of Zimbabwe,ZW,Sub-Saharan Africa,Low income