MerchantID,MerchantName,City,State,Zip,Phone,Type,Service
501976,"Coruscating Carwash, LLC",New York,NY,10001,(212)7909623,Auto,Carwash
502136,Good Service Auto Repair,New York,NY,10001,(212)2988674,Auto,Service and Repair
505780,Local Gas & Oil Co.,Los Angeles,CA,90001,(323)8422053,Auto,Gas
509793,Comfortable Coach,New York,NY,10001,(212)8465690,Business Travel,Bus
513178,"Alar Air, Inc.",New York,NY,10001,(212)5212018,Business Travel,Air
514071,Reputable Railways,New York,NY,10001,(212)4870890,Business Travel,Train
514130,"Animal Charities, Inc.",Los Angeles,CA,90001,(323)4107959,Charity,Animals
517039,Gifting Hands,New York,NY,10001,(212)8784841,Charity,World Poverty
518339,"Miasma Mitigation, Inc.",New York,NY,10001,(212)3327196,Charity,Environmental
521820,Elegant Goods Department Store,Los Angeles,CA,90001,(323)9846587,Department Store,High End
522480,Big Box Store,Los Angeles,CA,90001,(323)9655039,Department Store,Warehouse/Big Box
525576,Economical Superstore,New York,NY,10001,(212)7414270,Department Store,Economy
527541,State Univeristy,New York,NY,10001,(212)7553206,Education,University
527652,Birch Entertainment,New York,NY,10001,(212)7533229,Entertainment,Arcade
536123,"Sceneit Cinemas, LLC",New York,NY,10001,(212)4989715,Entertainment,Movie
539303,"Festive Festivals, LLC",Los Angeles,CA,90001,(323)0352508,Entertainment,Festivals
540228,ScenesStreamed Entertainment,Los Angeles,CA,90001,(323)2433307,Entertainment,Streaming
542058,Happy Sour Bar & Grill,Los Angeles,CA,90001,(323)2016357,Entertainment,Bar
549940,"Big Burgers, Inc.",New York,NY,10001,(212)4234283,Dining out,Fast Food
554905,Crust and Coffee,Los Angeles,CA,90001,(323)2582700,Dining out,Coffee Shop
555972,BBQ Food Truck,New York,NY,10001,(212)7334790,Dining out,Food Truck
562326,Elegant Dining & Company,New York,NY,10001,(212)6579247,Dining out,Fancy Restaurant
563085,Family Foodstuffs Restaurant,Los Angeles,CA,90001,(323)9220790,Dining out,Family Restaurant
565543,13th Street Grocery,New York,NY,10001,(212)2471078,Groceries,Gorcery Store
565603,"Local Drugs, Inc.",Los Angeles,CA,90001,(323)4700289,Healthcare,Pharmacy
566676,"Penny Handy Services, LLC",Los Angeles,CA,90001,(323)3757833,Home Maintenance,Handyman
567245,"Plutonium Plumbing, LLC",Los Angeles,CA,90001,(323)2663567,Home Maintenance,Plumbing
568268,"Livable Landscaping, LLC",New York,NY,10001,(212)5018491,Home Maintenance,Lawn Care
570890,Insurance for Life Corp.,Los Angeles,CA,90001,(323)2569213,Insurance,Life Insurance
575130,Safe Driver Insurance Co.,Los Angeles,CA,90001,(323)3725472,Insurance,Auto Insurance
575714,"Happy Home Insurance, Inc.",Los Angeles,CA,90001,(323)2590336,Insurance,Home Insurance
576483,School Utilities,Los Angeles,CA,90001,(323)4521285,Utilities,Water
577115,"Gaslighters, Inc.",Los Angeles,CA,90001,(323)9754506,Utilities,Gas
577591,4th Avenue Power & Light,New York,NY,10001,(212)4941577,Utilities,Electric
580881,"Pebble Cable, Inc.",New York,NY,10001,(212)8506153,Utilities,Cable/Internet
581894,"EverYack, Inc.",Los Angeles,CA,90001,(323)5158002,Utilities,Cell Phone
585048,Gerivest Services,New York,NY,10001,(212)7842585,Retirement,401k
