BankID,Name,Address,City,State,Zip,Domain,Phone,Email
101010101,"Biggest Bank, Inc.",620 14th Avenue,New York,NY,10036,bbfake.com,(800)5550100,BiggestBankInc@bbfake.com
202020202,Sailors Credit Union,404 East Shoreline Drive,Long Beach,CA,90802,scufake.org,(800)5550155,SailorsCredit@scufake.org
303030303,"Wheatberry Bank, Inc.",1354 Southwest Central Park Ave,Topeka,KS,66604,wbbfake.com,(800)5550177,WheatberryBank@wbbfake.com
505050505,GMD Federal Bank,234 Main Street,Cary,NC,27513,gmdfake.com,(800)5550166,gmdfederal@gmdfake.com
